Transaction,Item,Freq
68,Chicken sand,1
475,The BART,1
938,Adjustment,1
1248,Bacon,1
1920,Olum & polenta,1
1922,Polenta,1
8129,Gift voucher,1
9022,Raw bars,1
593,Fairy Doors,2
873,Bowl Nic Pitt,2
1000,Chimichurri Oil,2
1068,Chimichurri Oil,2
1073,Fairy Doors,2
1155,Bowl Nic Pitt,2
1256,Spread,2
1476,Siblings,2
1477,Siblings,2
1991,Hack the stack,2
1995,Hack the stack,2
2404,Spread,2
1665,Caramel bites,3
1717,Caramel bites,3
1719,Caramel bites,3
3733,Brioche and salami,3
4734,Brioche and salami,3
5013,Raspberry shortbread sandwich,3
5089,Raspberry shortbread sandwich,3
5119,Raspberry shortbread sandwich,3
8227,Cherry me Dried fruit,3
8560,Cherry me Dried fruit,3
9469,Brioche and salami,3
9624,Cherry me Dried fruit,3
885,Bread Pudding,4
924,Bread Pudding,4
926,Bread Pudding,4
927,Bread Pudding,4
3215,Bare Popcorn,5
3658,Panatone,5
3673,Bare Popcorn,5
3673,Panatone,5
3746,Panatone,5
3766,Panatone,5
3831,Panatone,5
3917,Bare Popcorn,5
5807,Bare Popcorn,5
5808,Bare Popcorn,5
8261,Mortimer,5
8598,Mortimer,5
8662,Mortimer,5
8826,Mortimer,5
9038,Mortimer,5
13,Basket,6
31,Basket,6
462,Honey,6
544,Basket,6
547,Basket,6
572,Basket,6
662,Basket,6
2242,Lemon and coconut,6
2244,Lemon and coconut,6
2256,Lemon and coconut,6
2603,Crepes,6
2614,Crepes,6
2615,Crepes,6
2619,Crepes,6
2767,Crepes,6
2877,Crepes,6
3320,Lemon and coconut,6
3379,Pintxos,6
3380,Pintxos,6
3383,Pintxos,6
3384,Pintxos,6
3385,Pintxos,6
3386,Pintxos,6
3952,Lemon and coconut,6
3996,Lemon and coconut,6
8033,Half slice Monster ,6
8304,Half slice Monster ,6
8398,Half slice Monster ,6
8551,Half slice Monster ,6
8813,Half slice Monster ,6
9220,Honey,6
9356,Honey,6
9561,Honey,6
9616,Honey,6
9625,Honey,6
9654,Half slice Monster ,6
50,Victorian Sponge,7
58,Victorian Sponge,7
69,Victorian Sponge,7
185,Victorian Sponge,7
586,Victorian Sponge,7
719,Victorian Sponge,7
735,Empanadas,7
751,Empanadas,7
802,Empanadas,7
814,Empanadas,7
971,Empanadas,7
980,Empanadas,7
991,Empanadas,7
1465,Victorian Sponge,7
6882,Coffee granules ,7
7981,Argentina Night,7
8308,Coffee granules ,7
8472,Coffee granules ,7
8639,Argentina Night,7
8757,Coffee granules ,7
8826,Coffee granules ,7
9177,Coffee granules ,7
9265,Argentina Night,7
9297,Coffee granules ,7
9555,Argentina Night,7
9556,Argentina Night,7
9578,Argentina Night,7
9579,Argentina Night,7
3225,Muesli,8
3226,Muesli,8
3400,Muesli,8
3897,Muesli,8
3987,Muesli,8
3990,Muesli,8
4155,Muesli,8
4372,Muesli,8
6022,Nomad bag,8
6158,Nomad bag,8
6207,Nomad bag,8
6365,Nomad bag,8
6410,Nomad bag,8
6751,Nomad bag,8
7179,Nomad bag,8
7708,Drinking chocolate spoons ,8
7961,Drinking chocolate spoons ,8
8041,Drinking chocolate spoons ,8
8644,Nomad bag,8
8660,Drinking chocolate spoons ,8
8739,Drinking chocolate spoons ,8
9024,Drinking chocolate spoons ,8
9371,Drinking chocolate spoons ,8
9422,Drinking chocolate spoons ,8
3593,Gingerbread syrup,9
3719,Gingerbread syrup,9
3729,Gingerbread syrup,9
3748,Gingerbread syrup,9
3768,Gingerbread syrup,9
3864,Gingerbread syrup,9
4751,Gingerbread syrup,9
5522,Gingerbread syrup,9
5837,Gingerbread syrup,9
6001,Postcard,10
6016,Postcard,10
6018,Postcard,10
6021,Postcard,10
6022,Postcard,10
6023,Postcard,10
6024,Postcard,10
6025,Postcard,10
6026,Postcard,10
6028,Postcard,10
6180,Chocolates,10
6223,Chocolates,10
6223,Chocolates,10
6498,Chocolates,10
6693,Chocolates,10
6743,Chocolates,10
7194,Chocolates,10
7927,Chocolates,10
8056,Chocolates,10
9447,Chocolates,10
65,Mighty Protein,11
154,Mighty Protein,11
336,Mighty Protein,11
338,Mighty Protein,11
495,Mighty Protein,11
583,Mighty Protein,11
609,Mighty Protein,11
618,Mighty Protein,11
710,Mighty Protein,11
712,Mighty Protein,11
722,Mighty Protein,11
7837,Christmas common,11
8180,Christmas common,11
8524,Christmas common,11
8546,Christmas common,11
9033,Christmas common,11
9034,Christmas common,11
9035,Christmas common,11
9395,Christmas common,11
9471,Christmas common,11
9586,Christmas common,11
9587,Tacos/Fajita,11
9598,Tacos/Fajita,11
9602,Tacos/Fajita,11
9605,Tacos/Fajita,11
9612,Tacos/Fajita,11
9613,Tacos/Fajita,11
9614,Tacos/Fajita,11
9616,Tacos/Fajita,11
9677,Tacos/Fajita,11
9678,Tacos/Fajita,11
9681,Christmas common,11
9682,Tacos/Fajita,11
62,Pick and Mix Bowls,12
132,Pick and Mix Bowls,12
298,Pick and Mix Bowls,12
333,Pick and Mix Bowls,12
382,Pick and Mix Bowls,12
423,Pick and Mix Bowls,12
485,Pick and Mix Bowls,12
488,Pick and Mix Bowls,12
595,Pick and Mix Bowls,12
602,Pick and Mix Bowls,12
693,Pick and Mix Bowls,12
698,Pick and Mix Bowls,12
1269,Kids biscuit,12
1271,Kids biscuit,12
1272,Kids biscuit,12
1274,Kids biscuit,12
1294,Kids biscuit,12
1303,Kids biscuit,12
1329,Kids biscuit,12
1364,Kids biscuit,12
1706,Kids biscuit,12
1719,Kids biscuit,12
1727,Kids biscuit,12
1728,Kids biscuit,12
5092,Duck egg,12
5169,Duck egg,12
6334,Duck egg,12
6474,Duck egg,12
6641,Duck egg,12
6855,Duck egg,12
7393,Duck egg,12
7495,Duck egg,12
7923,Duck egg,12
7992,Duck egg,12
8343,Duck egg,12
8761,Duck egg,12
404,Dulce de Leche,13
405,Dulce de Leche,13
415,Dulce de Leche,13
429,Dulce de Leche,13
523,Dulce de Leche,13
738,Dulce de Leche,13
1777,Dulce de Leche,13
2651,Dulce de Leche,13
3181,Dulce de Leche,13
3224,Dulce de Leche,13
3329,Dulce de Leche,13
3408,Dulce de Leche,13
3424,Dulce de Leche,13
5539,Valentine's card,13
5809,Valentine's card,13
5981,Valentine's card,13
6014,Valentine's card,13
6018,Valentine's card,13
6019,Valentine's card,13
6020,Valentine's card,13
6258,Valentine's card,13
6260,Valentine's card,13
6309,Valentine's card,13
6417,Valentine's card,13
6588,Valentine's card,13
6589,Valentine's card,13
3368,Crisps,14
3419,Crisps,14
3785,Crisps,14
3905,Crisps,14
3917,Crisps,14
3967,Crisps,14
4878,Crisps,14
4924,Crisps,14
5208,Crisps,14
6216,Crisps,14
8224,Crisps,14
9195,Crisps,14
9260,Crisps,14
9492,Crisps,14
6000,Vegan Feast,16
6608,Vegan Feast,16
7363,Vegan Feast,16
7563,Vegan Feast,16
7880,Vegan Feast,16
7981,Vegan Feast,16
8007,Vegan Feast,16
8161,Vegan Feast,16
8888,Vegan Feast,16
9637,Vegan Feast,16
9638,Vegan Feast,16
9640,Vegan Feast,16
9641,Vegan Feast,16
9643,Vegan Feast,16
9646,Vegan Feast,16
9648,Vegan Feast,16
47,Ella's Kitchen Pouches,17
182,Ella's Kitchen Pouches,17
419,Ella's Kitchen Pouches,17
430,Ella's Kitchen Pouches,17
1040,Ella's Kitchen Pouches,17
1043,Ella's Kitchen Pouches,17
1333,Ella's Kitchen Pouches,17
1683,Ella's Kitchen Pouches,17
1996,Ella's Kitchen Pouches,17
2222,Ella's Kitchen Pouches,17
2259,Ella's Kitchen Pouches,17
2586,Ella's Kitchen Pouches,17
3215,Ella's Kitchen Pouches,17
3255,Ella's Kitchen Pouches,17
3256,Ella's Kitchen Pouches,17
4196,Ella's Kitchen Pouches,17
4886,Ella's Kitchen Pouches,17
117,My-5 Fruit Shoot,18
353,My-5 Fruit Shoot,18
430,My-5 Fruit Shoot,18
569,My-5 Fruit Shoot,18
576,My-5 Fruit Shoot,18
592,My-5 Fruit Shoot,18
664,My-5 Fruit Shoot,18
934,My-5 Fruit Shoot,18
1093,My-5 Fruit Shoot,18
1254,My-5 Fruit Shoot,18
1274,My-5 Fruit Shoot,18
1592,My-5 Fruit Shoot,18
1717,My-5 Fruit Shoot,18
1752,My-5 Fruit Shoot,18
1775,My-5 Fruit Shoot,18
1840,My-5 Fruit Shoot,18
1995,My-5 Fruit Shoot,18
9654,My-5 Fruit Shoot,18
5989,Tshirt,21
5995,Tshirt,21
5996,Tshirt,21
5998,Tshirt,21
5999,Tshirt,21
6002,Tshirt,21
6004,Tshirt,21
6007,Tshirt,21
6008,Tshirt,21
6011,Tshirt,21
6013,Tshirt,21
6014,Tshirt,21
6015,Tshirt,21
6016,Tshirt,21
6017,Tshirt,21
6018,Tshirt,21
6022,Tshirt,21
6023,Tshirt,21
6024,Tshirt,21
6027,Tshirt,21
6028,Tshirt,21
252,Eggs,28
524,Granola,28
627,Granola,28
920,Eggs,28
1146,Eggs,28
1419,Granola,28
4221,Eggs,28
4515,Granola,28
4735,Granola,28
4749,Granola,28
4750,Granola,28
4896,Granola,28
4966,Granola,28
5055,Granola,28
5128,Eggs,28
5294,Eggs,28
5466,Eggs,28
5585,Granola,28
5592,Granola,28
5758,Granola,28
5884,Eggs,28
5888,Eggs,28
5935,Granola,28
6173,Eggs,28
6182,Eggs,28
6207,Eggs,28
6268,Eggs,28
6435,Eggs,28
6540,Eggs,28
6771,Eggs,28
6775,Eggs,28
6800,Granola,28
6807,Eggs,28
6840,Granola,28
6941,Eggs,28
7138,Eggs,28
7225,Eggs,28
7298,Granola,28
7485,Eggs,28
7590,Granola,28
7732,Granola,28
7955,Granola,28
8221,Granola,28
8245,Eggs,28
8584,Granola,28
8715,Eggs,28
8768,Eggs,28
8835,Granola,28
8958,Eggs,28
8994,Granola,28
9192,Granola,28
9232,Granola,28
9289,Granola,28
9361,Eggs,28
9578,Granola,28
9624,Eggs,28
850,Art Tray,38
853,Art Tray,38
966,Art Tray,38
1004,Art Tray,38
1072,Art Tray,38
1248,Art Tray,38
1273,Art Tray,38
1337,Art Tray,38
1338,Art Tray,38
1511,Art Tray,38
1592,Art Tray,38
1601,Art Tray,38
1991,Art Tray,38
1995,Art Tray,38
2036,Art Tray,38
2195,Art Tray,38
2207,Art Tray,38
2340,Art Tray,38
2928,Art Tray,38
2941,Art Tray,38
3076,Art Tray,38
3154,Art Tray,38
3673,Art Tray,38
3807,Art Tray,38
4529,Art Tray,38
5090,Extra Salami or Feta,38
5100,Extra Salami or Feta,38
5161,Extra Salami or Feta,38
5189,Extra Salami or Feta,38
5260,Art Tray,38
5264,Art Tray,38
5268,Art Tray,38
5354,Art Tray,38
5435,Extra Salami or Feta,38
5509,Extra Salami or Feta,38
5543,Extra Salami or Feta,38
5591,Extra Salami or Feta,38
5758,Extra Salami or Feta,38
5807,Extra Salami or Feta,38
5895,Extra Salami or Feta,38
6225,Art Tray,38
6259,Extra Salami or Feta,38
6331,Extra Salami or Feta,38
6334,Extra Salami or Feta,38
6412,Art Tray,38
6474,Extra Salami or Feta,38
6617,Art Tray,38
6660,Extra Salami or Feta,38
6811,Extra Salami or Feta,38
6883,Extra Salami or Feta,38
7187,Extra Salami or Feta,38
7191,Extra Salami or Feta,38
7221,Art Tray,38
7245,Extra Salami or Feta,38
7254,Art Tray,38
7540,Extra Salami or Feta,38
7572,Art Tray,38
8183,Extra Salami or Feta,38
8227,Extra Salami or Feta,38
8308,Extra Salami or Feta,38
8429,Art Tray,38
8802,Extra Salami or Feta,38
8848,Extra Salami or Feta,38
9010,Art Tray,38
9068,Extra Salami or Feta,38
9129,Extra Salami or Feta,38
9138,Extra Salami or Feta,38
9230,Extra Salami or Feta,38
9346,Extra Salami or Feta,38
9368,Extra Salami or Feta,38
9378,Extra Salami or Feta,38
9420,Extra Salami or Feta,38
9474,Art Tray,38
9562,Extra Salami or Feta,38
9658,Extra Salami or Feta,38
9672,Extra Salami or Feta,38
4263,Afternoon with the baker,44
4322,Afternoon with the baker,44
4405,Afternoon with the baker,44
4534,Afternoon with the baker,44
4541,Afternoon with the baker,44
4723,Afternoon with the baker,44
4724,Afternoon with the baker,44
4725,Afternoon with the baker,44
4773,Afternoon with the baker,44
4949,Afternoon with the baker,44
5046,Afternoon with the baker,44
5064,Afternoon with the baker,44
5088,Afternoon with the baker,44
5120,Afternoon with the baker,44
5146,Afternoon with the baker,44
5875,Afternoon with the baker,44
6334,Afternoon with the baker,44
6429,Afternoon with the baker,44
6481,Afternoon with the baker,44
6482,Afternoon with the baker,44
6545,Afternoon with the baker,44
6578,Afternoon with the baker,44
6655,Afternoon with the baker,44
6664,Afternoon with the baker,44
6786,Afternoon with the baker,44
6888,Afternoon with the baker,44
6889,Afternoon with the baker,44
7078,Afternoon with the baker,44
7499,Afternoon with the baker,44
7509,Afternoon with the baker,44
7663,Afternoon with the baker,44
7664,Afternoon with the baker,44
7665,Afternoon with the baker,44
7666,Afternoon with the baker,44
7666,Afternoon with the baker,44
7667,Afternoon with the baker,44
7716,Afternoon with the baker,44
8065,Afternoon with the baker,44
8093,Afternoon with the baker,44
8094,Afternoon with the baker,44
8342,Afternoon with the baker,44
8455,Afternoon with the baker,44
9578,Afternoon with the baker,44
9579,Afternoon with the baker,44
12,Tartine,47
40,Tartine,47
65,Tartine,47
82,Tartine,47
128,Tartine,47
147,Tartine,47
212,Tartine,47
216,Tartine,47
219,Tartine,47
295,Tartine,47
298,Tartine,47
353,Tartine,47
479,Tartine,47
492,Tartine,47
494,Tartine,47
577,Tartine,47
608,Tartine,47
693,Tartine,47
696,Tartine,47
698,Tartine,47
721,Tartine,47
721,Tartine,47
724,Tartine,47
774,Tartine,47
803,Tartine,47
822,Tartine,47
868,Tartine,47
906,Tartine,47
925,Tartine,47
953,Tartine,47
975,Tartine,47
1136,Tartine,47
1201,Tartine,47
1273,Tartine,47
1439,Tartine,47
1470,Tartine,47
1666,Tartine,47
1694,Tartine,47
1695,Tartine,47
1757,Tartine,47
2041,Tartine,47
2112,Tartine,47
2123,Tartine,47
2177,Tartine,47
2225,Tartine,47
2519,Tartine,47
3429,Tartine,47
2146,Bakewell,48
2153,Bakewell,48
2155,Bakewell,48
2162,Bakewell,48
2167,Bakewell,48
2203,Bakewell,48
2207,Bakewell,48
2208,Bakewell,48
2214,Bakewell,48
2242,Bakewell,48
2987,Bakewell,48
2990,Bakewell,48
3013,Bakewell,48
3033,Bakewell,48
3037,Bakewell,48
3080,Bakewell,48
3095,Bakewell,48
3102,Bakewell,48
5454,Bakewell,48
5455,Bakewell,48
5474,Bakewell,48
5475,Bakewell,48
5493,Bakewell,48
5512,Bakewell,48
5562,Bakewell,48
5614,Bakewell,48
5618,Bakewell,48
5685,Bakewell,48
5734,Bakewell,48
8146,Bakewell,48
8149,Bakewell,48
8153,Bakewell,48
8155,Bakewell,48
8196,Bakewell,48
8255,Bakewell,48
8260,Bakewell,48
8890,Bakewell,48
8909,Bakewell,48
8918,Bakewell,48
8924,Bakewell,48
8925,Bakewell,48
8940,Bakewell,48
8948,Bakewell,48
8956,Bakewell,48
8960,Bakewell,48
8963,Bakewell,48
9049,Bakewell,48
9061,Bakewell,48
145,Focaccia,54
351,Focaccia,54
382,Focaccia,54
392,Focaccia,54
393,Focaccia,54
401,Focaccia,54
428,Focaccia,54
593,Focaccia,54
642,Focaccia,54
657,Focaccia,54
667,Focaccia,54
670,Focaccia,54
690,Focaccia,54
704,Focaccia,54
867,Focaccia,54
898,Focaccia,54
933,Focaccia,54
961,Focaccia,54
1002,Focaccia,54
1078,Focaccia,54
1291,Focaccia,54
1655,Focaccia,54
1662,Focaccia,54
1668,Focaccia,54
1670,Focaccia,54
1699,Focaccia,54
1772,Focaccia,54
2017,Focaccia,54
2154,Focaccia,54
2797,Vegan mincepie,54
2894,Focaccia,54
2896,Focaccia,54
2900,Focaccia,54
2919,Vegan mincepie,54
2952,Vegan mincepie,54
3006,Vegan mincepie,54
3041,Vegan mincepie,54
3042,Vegan mincepie,54
3046,Vegan mincepie,54
3063,Vegan mincepie,54
3066,Vegan mincepie,54
3068,Vegan mincepie,54
3085,Vegan mincepie,54
3129,Vegan mincepie,54
3158,Vegan mincepie,54
3183,Vegan mincepie,54
3186,Vegan mincepie,54
3219,Vegan mincepie,54
3223,Vegan mincepie,54
3231,Vegan mincepie,54
3274,Vegan mincepie,54
3299,Vegan mincepie,54
3325,Vegan mincepie,54
3334,Vegan mincepie,54
3340,Vegan mincepie,54
3352,Vegan mincepie,54
3371,Focaccia,54
3374,Vegan mincepie,54
3376,Vegan mincepie,54
3377,Focaccia,54
3407,Vegan mincepie,54
3415,Vegan mincepie,54
3434,Vegan mincepie,54
3468,Focaccia,54
3779,Focaccia,54
3804,Focaccia,54
3827,Focaccia,54
3831,Focaccia,54
3846,Focaccia,54
3985,Vegan mincepie,54
4026,Vegan mincepie,54
4042,Vegan mincepie,54
4047,Vegan mincepie,54
4105,Vegan mincepie,54
4105,Vegan mincepie,54
4124,Vegan mincepie,54
4132,Vegan mincepie,54
4202,Vegan mincepie,54
4324,Focaccia,54
4343,Focaccia,54
4385,Vegan mincepie,54
4402,Vegan mincepie,54
4570,Vegan mincepie,54
4619,Vegan mincepie,54
4640,Vegan mincepie,54
4716,Focaccia,54
4877,Focaccia,54
4893,Focaccia,54
4933,Focaccia,54
5011,Vegan mincepie,54
5232,Focaccia,54
5247,Vegan mincepie,54
5261,Focaccia,54
5265,Focaccia,54
5487,Vegan mincepie,54
5495,Focaccia,54
5521,Focaccia,54
5528,Focaccia,54
5542,Focaccia,54
5770,Vegan mincepie,54
6489,Focaccia,54
6583,Vegan mincepie,54
6624,Vegan mincepie,54
6834,Vegan mincepie,54
6834,Vegan mincepie,54
7379,Vegan mincepie,54
7899,Vegan mincepie,54
8011,Vegan mincepie,54
1966,The Nomad,58
2123,The Nomad,58
2158,The Nomad,58
2378,The Nomad,58
2847,The Nomad,58
2865,The Nomad,58
3333,The Nomad,58
3348,The Nomad,58
3400,The Nomad,58
3529,The Nomad,58
3643,The Nomad,58
3708,The Nomad,58
3999,The Nomad,58
4387,The Nomad,58
4392,The Nomad,58
4393,The Nomad,58
4399,The Nomad,58
4442,The Nomad,58
4730,The Nomad,58
4731,The Nomad,58
5146,The Nomad,58
5150,The Nomad,58
5318,The Nomad,58
5399,The Nomad,58
5473,The Nomad,58
5496,The Nomad,58
5588,The Nomad,58
5711,The Nomad,58
5935,The Nomad,58
6338,The Nomad,58
6379,The Nomad,58
6400,The Nomad,58
6412,The Nomad,58
6601,The Nomad,58
6612,The Nomad,58
6880,The Nomad,58
6892,The Nomad,58
6925,The Nomad,58
7177,The Nomad,58
7236,The Nomad,58
7547,The Nomad,58
7621,The Nomad,58
7922,The Nomad,58
7992,The Nomad,58
8028,The Nomad,58
8369,The Nomad,58
8378,The Nomad,58
8770,The Nomad,58
8814,The Nomad,58
8914,The Nomad,58
9189,The Nomad,58
9204,The Nomad,58
9206,The Nomad,58
9298,The Nomad,58
9574,The Nomad,58
9580,The Nomad,58
9590,The Nomad,58
9610,The Nomad,58
771,Keeping It Local,63
820,Keeping It Local,63
900,Keeping It Local,63
908,Keeping It Local,63
959,Keeping It Local,63
997,Keeping It Local,63
1012,Keeping It Local,63
1020,Keeping It Local,63
1023,Keeping It Local,63
1158,Keeping It Local,63
1180,Keeping It Local,63
1211,Keeping It Local,63
1222,Keeping It Local,63
1231,Keeping It Local,63
1259,Keeping It Local,63
1264,Keeping It Local,63
1282,Keeping It Local,63
1286,Keeping It Local,63
1288,Keeping It Local,63
1305,Keeping It Local,63
1343,Keeping It Local,63
1352,Keeping It Local,63
1355,Keeping It Local,63
1356,Keeping It Local,63
1480,Keeping It Local,63
1493,Keeping It Local,63
1497,Keeping It Local,63
1524,Keeping It Local,63
1557,Keeping It Local,63
1599,Keeping It Local,63
1634,Keeping It Local,63
1640,Keeping It Local,63
1644,Keeping It Local,63
1645,Keeping It Local,63
1686,Keeping It Local,63
1739,Keeping It Local,63
1744,Keeping It Local,63
1780,Keeping It Local,63
1808,Keeping It Local,63
1813,Keeping It Local,63
1821,Keeping It Local,63
1840,Keeping It Local,63
1848,Keeping It Local,63
1853,Keeping It Local,63
1894,Keeping It Local,63
1900,Keeping It Local,63
1940,Keeping It Local,63
1942,Keeping It Local,63
2007,Keeping It Local,63
2010,Keeping It Local,63
2014,Keeping It Local,63
2181,Keeping It Local,63
2185,Keeping It Local,63
2232,Keeping It Local,63
2263,Keeping It Local,63
2267,Keeping It Local,63
2321,Keeping It Local,63
2325,Keeping It Local,63
2332,Keeping It Local,63
2339,Keeping It Local,63
2340,Keeping It Local,63
2385,Keeping It Local,63
2427,Keeping It Local,63
62,Smoothies,77
308,Smoothies,77
377,Smoothies,77
556,Smoothies,77
982,Smoothies,77
1744,Smoothies,77
1814,Smoothies,77
1967,Smoothies,77
2162,Smoothies,77
2175,Smoothies,77
2235,Smoothies,77
2324,Smoothies,77
2344,Smoothies,77
2569,Smoothies,77
2997,Smoothies,77
3450,Smoothies,77
3609,Smoothies,77
3724,Smoothies,77
3937,Smoothies,77
3938,Smoothies,77
3939,Smoothies,77
4006,Smoothies,77
4314,Smoothies,77
4376,Smoothies,77
4377,Smoothies,77
4835,Smoothies,77
4985,Smoothies,77
5079,Smoothies,77
5146,Smoothies,77
5165,Smoothies,77
5179,Smoothies,77
5492,Smoothies,77
5596,Smoothies,77
5947,Smoothies,77
6198,Smoothies,77
6577,Smoothies,77
6643,Smoothies,77
6797,Smoothies,77
6838,Smoothies,77
6840,Smoothies,77
6846,Smoothies,77
6923,Smoothies,77
7027,Smoothies,77
7121,Smoothies,77
7360,Smoothies,77
7404,Smoothies,77
7498,Smoothies,77
7553,Smoothies,77
7555,Smoothies,77
7591,Smoothies,77
7648,Smoothies,77
8025,Smoothies,77
8032,Smoothies,77
8256,Smoothies,77
8402,Smoothies,77
8438,Smoothies,77
8573,Smoothies,77
8661,Smoothies,77
8760,Smoothies,77
8764,Smoothies,77
8784,Smoothies,77
8791,Smoothies,77
8811,Smoothies,77
8856,Smoothies,77
8867,Smoothies,77
8869,Smoothies,77
8886,Smoothies,77
8995,Smoothies,77
9051,Smoothies,77
9197,Smoothies,77
9208,Smoothies,77
9267,Smoothies,77
9391,Smoothies,77
9492,Smoothies,77
9590,Smoothies,77
9676,Smoothies,77
9684,Smoothies,77
55,Frittata,81
56,Frittata,81
66,Frittata,81
68,Frittata,81
75,Frittata,81
80,Frittata,81
591,Frittata,81
596,Frittata,81
598,Frittata,81
605,Frittata,81
610,Frittata,81
625,Frittata,81
626,Frittata,81
853,Frittata,81
1072,Frittata,81
1145,Frittata,81
1155,Frittata,81
1156,Frittata,81
1165,Frittata,81
1191,Frittata,81
1264,Frittata,81
1316,Frittata,81
1334,Frittata,81
2929,Frittata,81
2939,Frittata,81
2942,Frittata,81
2944,Frittata,81
2949,Frittata,81
2964,Frittata,81
3009,Frittata,81
3017,Frittata,81
3049,Frittata,81
3093,Frittata,81
3351,Frittata,81
3356,Frittata,81
3361,Frittata,81
3417,Frittata,81
3419,Frittata,81
3737,Frittata,81
3750,Frittata,81
3788,Frittata,81
3816,Frittata,81
3945,Frittata,81
3967,Frittata,81
3969,Frittata,81
3988,Frittata,81
4006,Frittata,81
4018,Frittata,81
4057,Frittata,81
4119,Frittata,81
4127,Frittata,81
4206,Frittata,81
4210,Frittata,81
4211,Frittata,81
4245,Frittata,81
4270,Frittata,81
4309,Frittata,81
4337,Frittata,81
4338,Frittata,81
4346,Frittata,81
4361,Frittata,81
4393,Frittata,81
4484,Frittata,81
4588,Frittata,81
4589,Frittata,81
4709,Frittata,81
5086,Frittata,81
5098,Frittata,81
5105,Frittata,81
5111,Frittata,81
5130,Frittata,81
5158,Frittata,81
5199,Frittata,81
5267,Frittata,81
5487,Frittata,81
5492,Frittata,81
5520,Frittata,81
5529,Frittata,81
5543,Frittata,81
5606,Frittata,81
5607,Frittata,81
4609,Salad,99
4628,Salad,99
4838,Salad,99
4843,Salad,99
4879,Salad,99
4927,Salad,99
4986,Salad,99
5157,Salad,99
5161,Salad,99
5255,Salad,99
5271,Salad,99
5509,Salad,99
5529,Salad,99
5543,Salad,99
5609,Salad,99
5610,Salad,99
5699,Salad,99
5807,Salad,99
5961,Salad,99
5967,Salad,99
5979,Salad,99
5981,Salad,99
6055,Salad,99
6168,Salad,99
6331,Salad,99
6333,Salad,99
6523,Salad,99
6568,Salad,99
6617,Salad,99
6660,Salad,99
6883,Salad,99
6907,Salad,99
6970,Salad,99
7012,Salad,99
7186,Salad,99
7191,Salad,99
7254,Salad,99
7392,Salad,99
7487,Salad,99
7578,Salad,99
7602,Salad,99
7702,Salad,99
7707,Salad,99
7750,Salad,99
7755,Salad,99
7760,Salad,99
7792,Salad,99
7829,Salad,99
7830,Salad,99
7894,Salad,99
7905,Salad,99
7966,Salad,99
8091,Salad,99
8100,Salad,99
8109,Salad,99
8121,Salad,99
8182,Salad,99
8241,Salad,99
8308,Salad,99
8310,Salad,99
8311,Salad,99
8315,Salad,99
8360,Salad,99
8374,Salad,99
8403,Salad,99
8437,Salad,99
8438,Salad,99
8441,Salad,99
8496,Salad,99
8497,Salad,99
8594,Salad,99
8641,Salad,99
8699,Salad,99
8776,Salad,99
8784,Salad,99
8802,Salad,99
8807,Salad,99
8808,Salad,99
8924,Salad,99
8974,Salad,99
8987,Salad,99
9064,Salad,99
9068,Salad,99
9129,Salad,99
9138,Salad,99
9338,Salad,99
9371,Salad,99
9374,Salad,99
9378,Salad,99
9386,Salad,99
9410,Salad,99
9416,Salad,99
9420,Salad,99
9423,Salad,99
9474,Salad,99
9493,Salad,99
9534,Salad,99
9562,Salad,99
9635,Salad,99
55,Hearty & Seasonal,107
62,Hearty & Seasonal,107
62,Hearty & Seasonal,107
66,Hearty & Seasonal,107
67,Hearty & Seasonal,107
133,Hearty & Seasonal,107
134,Hearty & Seasonal,107
138,Hearty & Seasonal,107
139,Hearty & Seasonal,107
144,Hearty & Seasonal,107
154,Hearty & Seasonal,107
167,Hearty & Seasonal,107
207,Hearty & Seasonal,107
229,Hearty & Seasonal,107
293,Hearty & Seasonal,107
297,Hearty & Seasonal,107
304,Hearty & Seasonal,107
307,Hearty & Seasonal,107
308,Hearty & Seasonal,107
309,Hearty & Seasonal,107
318,Hearty & Seasonal,107
377,Hearty & Seasonal,107
382,Hearty & Seasonal,107
394,Hearty & Seasonal,107
395,Hearty & Seasonal,107
396,Hearty & Seasonal,107
490,Hearty & Seasonal,107
490,Hearty & Seasonal,107
491,Hearty & Seasonal,107
503,Hearty & Seasonal,107
583,Hearty & Seasonal,107
595,Hearty & Seasonal,107
603,Hearty & Seasonal,107
612,Hearty & Seasonal,107
616,Hearty & Seasonal,107
623,Hearty & Seasonal,107
657,Hearty & Seasonal,107
708,Hearty & Seasonal,107
733,Hearty & Seasonal,107
787,Hearty & Seasonal,107
861,Hearty & Seasonal,107
863,Hearty & Seasonal,107
864,Hearty & Seasonal,107
873,Hearty & Seasonal,107
916,Hearty & Seasonal,107
928,Hearty & Seasonal,107
982,Hearty & Seasonal,107
1076,Hearty & Seasonal,107
1077,Hearty & Seasonal,107
1151,Hearty & Seasonal,107
1151,Hearty & Seasonal,107
1175,Hearty & Seasonal,107
1177,Hearty & Seasonal,107
1218,Hearty & Seasonal,107
1228,Hearty & Seasonal,107
1251,Hearty & Seasonal,107
1258,Hearty & Seasonal,107
1259,Hearty & Seasonal,107
1315,Hearty & Seasonal,107
1315,Hearty & Seasonal,107
1317,Hearty & Seasonal,107
1371,Hearty & Seasonal,107
1380,Hearty & Seasonal,107
1388,Hearty & Seasonal,107
1395,Hearty & Seasonal,107
1444,Hearty & Seasonal,107
1459,Hearty & Seasonal,107
1512,Hearty & Seasonal,107
1514,Hearty & Seasonal,107
1514,Hearty & Seasonal,107
1522,Hearty & Seasonal,107
1524,Hearty & Seasonal,107
1601,Hearty & Seasonal,107
1601,Hearty & Seasonal,107
1701,Hearty & Seasonal,107
1978,Hearty & Seasonal,107
2177,Hearty & Seasonal,107
2194,Hearty & Seasonal,107
2195,Hearty & Seasonal,107
2195,Hearty & Seasonal,107
2197,Hearty & Seasonal,107
2201,Hearty & Seasonal,107
2204,Hearty & Seasonal,107
2387,Hearty & Seasonal,107
2669,Hearty & Seasonal,107
2816,Hearty & Seasonal,107
2872,Hearty & Seasonal,107
2873,Hearty & Seasonal,107
3469,Hearty & Seasonal,107
3472,Hearty & Seasonal,107
3538,Hearty & Seasonal,107
3540,Hearty & Seasonal,107
3954,Hearty & Seasonal,107
4403,Hearty & Seasonal,107
4489,Hearty & Seasonal,107
4527,Hearty & Seasonal,107
4663,Hearty & Seasonal,107
4676,Hearty & Seasonal,107
4685,Hearty & Seasonal,107
4692,Hearty & Seasonal,107
4701,Hearty & Seasonal,107
4702,Hearty & Seasonal,107
4704,Hearty & Seasonal,107
4752,Hearty & Seasonal,107
4760,Hearty & Seasonal,107
4835,Hearty & Seasonal,107
4839,Hearty & Seasonal,107
4847,Chicken Stew,123
4922,Chicken Stew,123
4931,Chicken Stew,123
4933,Chicken Stew,123
4981,Chicken Stew,123
4990,Chicken Stew,123
5221,Chicken Stew,123
5252,Chicken Stew,123
5258,Chicken Stew,123
5264,Chicken Stew,123
5268,Chicken Stew,123
5282,Chicken Stew,123
5310,Chicken Stew,123
5369,Chicken Stew,123
5380,Chicken Stew,123
5427,Chicken Stew,123
5534,Chicken Stew,123
5614,Chicken Stew,123
5617,Chicken Stew,123
5646,Chicken Stew,123
5705,Chicken Stew,123
5749,Chicken Stew,123
5803,Chicken Stew,123
5811,Chicken Stew,123
5866,Chicken Stew,123
5960,Chicken Stew,123
5968,Chicken Stew,123
6071,Chicken Stew,123
6080,Chicken Stew,123
6136,Chicken Stew,123
6179,Chicken Stew,123
6180,Chicken Stew,123
6182,Chicken Stew,123
6222,Chicken Stew,123
6231,Chicken Stew,123
6277,Chicken Stew,123
6278,Chicken Stew,123
6319,Chicken Stew,123
6329,Chicken Stew,123
6341,Chicken Stew,123
6398,Chicken Stew,123
6408,Chicken Stew,123
6415,Chicken Stew,123
6420,Chicken Stew,123
6474,Chicken Stew,123
6519,Chicken Stew,123
6523,Chicken Stew,123
6535,Chicken Stew,123
6644,Chicken Stew,123
6645,Chicken Stew,123
6705,Chicken Stew,123
6709,Chicken Stew,123
6716,Chicken Stew,123
6797,Chicken Stew,123
6799,Chicken Stew,123
6800,Chicken Stew,123
6802,Chicken Stew,123
6810,Chicken Stew,123
6819,Chicken Stew,123
6820,Chicken Stew,123
6984,Chicken Stew,123
7019,Chicken Stew,123
7051,Chicken Stew,123
7059,Chicken Stew,123
7121,Chicken Stew,123
7177,Chicken Stew,123
7264,Chicken Stew,123
7301,Chicken Stew,123
7305,Chicken Stew,123
7388,Chicken Stew,123
7389,Chicken Stew,123
7390,Chicken Stew,123
7397,Chicken Stew,123
7436,Chicken Stew,123
7483,Chicken Stew,123
7490,Chicken Stew,123
7566,Chicken Stew,123
7590,Chicken Stew,123
7700,Chicken Stew,123
7707,Chicken Stew,123
7762,Chicken Stew,123
7792,Chicken Stew,123
7799,Chicken Stew,123
7827,Chicken Stew,123
7833,Chicken Stew,123
7843,Chicken Stew,123
7906,Chicken Stew,123
7968,Chicken Stew,123
8048,Chicken Stew,123
8134,Chicken Stew,123
8140,Chicken Stew,123
8142,Chicken Stew,123
8148,Chicken Stew,123
8239,Chicken Stew,123
8242,Chicken Stew,123
8244,Chicken Stew,123
8399,Chicken Stew,123
8445,Chicken Stew,123
8578,Chicken Stew,123
8633,Chicken Stew,123
8634,Chicken Stew,123
8635,Chicken Stew,123
8643,Chicken Stew,123
8656,Chicken Stew,123
8696,Chicken Stew,123
8697,Chicken Stew,123
8814,Chicken Stew,123
8913,Chicken Stew,123
8916,Chicken Stew,123
8919,Chicken Stew,123
8982,Chicken Stew,123
9011,Chicken Stew,123
9066,Chicken Stew,123
9132,Chicken Stew,123
9140,Chicken Stew,123
9211,Chicken Stew,123
9230,Chicken Stew,123
9372,Chicken Stew,123
9392,Chicken Stew,123
9419,Chicken Stew,123
9534,Chicken Stew,123
9536,Chicken Stew,123
9550,Chicken Stew,123
1684,Jammie Dodgers,125
1716,Jammie Dodgers,125
1717,Jammie Dodgers,125
1723,Jammie Dodgers,125
2160,Jammie Dodgers,125
2162,Jammie Dodgers,125
2165,Jammie Dodgers,125
2183,Jammie Dodgers,125
2193,Jammie Dodgers,125
2343,Jammie Dodgers,125
2346,Jammie Dodgers,125
2928,Jammie Dodgers,125
3064,Jammie Dodgers,125
3161,Jammie Dodgers,125
3162,Jammie Dodgers,125
3163,Jammie Dodgers,125
3219,Jammie Dodgers,125
3231,Jammie Dodgers,125
3936,Jammie Dodgers,125
3962,Jammie Dodgers,125
3970,Jammie Dodgers,125
4011,Jammie Dodgers,125
4022,Jammie Dodgers,125
4024,Jammie Dodgers,125
4026,Jammie Dodgers,125
4035,Jammie Dodgers,125
4047,Jammie Dodgers,125
4064,Jammie Dodgers,125
4072,Jammie Dodgers,125
4310,Jammie Dodgers,125
4312,Jammie Dodgers,125
4321,Jammie Dodgers,125
4341,Jammie Dodgers,125
4377,Jammie Dodgers,125
4385,Jammie Dodgers,125
4440,Jammie Dodgers,125
4444,Jammie Dodgers,125
4483,Jammie Dodgers,125
4561,Jammie Dodgers,125
4567,Jammie Dodgers,125
4588,Jammie Dodgers,125
4626,Jammie Dodgers,125
4643,Jammie Dodgers,125
4728,Jammie Dodgers,125
4748,Jammie Dodgers,125
4756,Jammie Dodgers,125
4761,Jammie Dodgers,125
4766,Jammie Dodgers,125
4767,Jammie Dodgers,125
4803,Jammie Dodgers,125
4833,Jammie Dodgers,125
4884,Jammie Dodgers,125
4887,Jammie Dodgers,125
4909,Jammie Dodgers,125
5062,Jammie Dodgers,125
5073,Jammie Dodgers,125
5083,Jammie Dodgers,125
5084,Jammie Dodgers,125
5149,Jammie Dodgers,125
5155,Jammie Dodgers,125
5160,Jammie Dodgers,125
5165,Jammie Dodgers,125
5176,Jammie Dodgers,125
5177,Jammie Dodgers,125
6623,Jammie Dodgers,125
6644,Jammie Dodgers,125
6675,Jammie Dodgers,125
6691,Jammie Dodgers,125
6693,Jammie Dodgers,125
6728,Jammie Dodgers,125
6771,Jammie Dodgers,125
6778,Jammie Dodgers,125
6787,Jammie Dodgers,125
6791,Jammie Dodgers,125
6827,Jammie Dodgers,125
6928,Jammie Dodgers,125
7070,Jammie Dodgers,125
7229,Jammie Dodgers,125
7240,Jammie Dodgers,125
7247,Jammie Dodgers,125
7267,Jammie Dodgers,125
7270,Jammie Dodgers,125
7285,Jammie Dodgers,125
7299,Jammie Dodgers,125
7306,Jammie Dodgers,125
7338,Jammie Dodgers,125
7539,Jammie Dodgers,125
7622,Jammie Dodgers,125
7638,Jammie Dodgers,125
7660,Jammie Dodgers,125
7668,Jammie Dodgers,125
7801,Jammie Dodgers,125
7808,Jammie Dodgers,125
7950,Jammie Dodgers,125
7963,Jammie Dodgers,125
7977,Jammie Dodgers,125
8012,Jammie Dodgers,125
8044,Jammie Dodgers,125
8058,Jammie Dodgers,125
8108,Jammie Dodgers,125
8111,Jammie Dodgers,125
8136,Jammie Dodgers,125
8161,Jammie Dodgers,125
8225,Jammie Dodgers,125
8226,Jammie Dodgers,125
8733,Jammie Dodgers,125
8738,Jammie Dodgers,125
8749,Jammie Dodgers,125
8792,Jammie Dodgers,125
8822,Jammie Dodgers,125
8876,Jammie Dodgers,125
8919,Jammie Dodgers,125
8923,Jammie Dodgers,125
8948,Jammie Dodgers,125
9030,Jammie Dodgers,125
9051,Jammie Dodgers,125
9052,Jammie Dodgers,125
9060,Jammie Dodgers,125
9106,Jammie Dodgers,125
9256,Jammie Dodgers,125
9321,Jammie Dodgers,125
9356,Jammie Dodgers,125
9357,Jammie Dodgers,125
9429,Jammie Dodgers,125
9463,Jammie Dodgers,125
15,Mineral water,136
66,Mineral water,136
67,Mineral water,136
160,Mineral water,136
167,Mineral water,136
169,Mineral water,136
301,Mineral water,136
306,Mineral water,136
333,Mineral water,136
337,Mineral water,136
394,Mineral water,136
479,Mineral water,136
487,Mineral water,136
488,Mineral water,136
491,Mineral water,136
499,Mineral water,136
612,Mineral water,136
626,Mineral water,136
651,Mineral water,136
675,Mineral water,136
698,Mineral water,136
1074,Mineral water,136
1095,Mineral water,136
1242,Mineral water,136
1260,Mineral water,136
1303,Mineral water,136
1421,Mineral water,136
1460,Mineral water,136
1512,Mineral water,136
1598,Mineral water,136
1598,Mineral water,136
1701,Mineral water,136
1726,Mineral water,136
1748,Mineral water,136
1760,Mineral water,136
1765,Mineral water,136
1769,Mineral water,136
1793,Mineral water,136
1878,Mineral water,136
1909,Mineral water,136
2039,Mineral water,136
2040,Mineral water,136
2050,Mineral water,136
2129,Mineral water,136
2213,Mineral water,136
2355,Mineral water,136
2477,Mineral water,136
2538,Mineral water,136
2735,Mineral water,136
2742,Mineral water,136
2776,Mineral water,136
2797,Mineral water,136
2868,Mineral water,136
2884,Mineral water,136
2944,Mineral water,136
2957,Mineral water,136
2961,Mineral water,136
2984,Mineral water,136
3001,Mineral water,136
3002,Mineral water,136
3046,Mineral water,136
3046,Mineral water,136
3419,Mineral water,136
3486,Mineral water,136
3614,Mineral water,136
3681,Mineral water,136
4119,Mineral water,136
4314,Mineral water,136
4714,Mineral water,136
4760,Mineral water,136
4907,Mineral water,136
5543,Mineral water,136
5802,Mineral water,136
5871,Mineral water,136
5953,Mineral water,136
5994,Mineral water,136
6126,Mineral water,136
6198,Mineral water,136
6216,Mineral water,136
6231,Mineral water,136
6239,Mineral water,136
6548,Mineral water,136
6726,Mineral water,136
6727,Mineral water,136
6824,Mineral water,136
6849,Mineral water,136
6979,Mineral water,136
7063,Mineral water,136
7119,Mineral water,136
7130,Mineral water,136
7133,Mineral water,136
7185,Mineral water,136
7341,Mineral water,136
7392,Mineral water,136
7483,Mineral water,136
7541,Mineral water,136
7570,Mineral water,136
7602,Mineral water,136
7796,Mineral water,136
7908,Mineral water,136
8041,Mineral water,136
8132,Mineral water,136
8210,Mineral water,136
8241,Mineral water,136
8305,Mineral water,136
8356,Mineral water,136
8357,Mineral water,136
8366,Mineral water,136
8367,Mineral water,136
8448,Mineral water,136
8467,Mineral water,136
8515,Mineral water,136
8526,Mineral water,136
8584,Mineral water,136
8631,Mineral water,136
8708,Mineral water,136
8782,Mineral water,136
8787,Mineral water,136
8823,Mineral water,136
8871,Mineral water,136
8924,Mineral water,136
8933,Mineral water,136
8962,Mineral water,136
8964,Mineral water,136
9142,Mineral water,136
9225,Mineral water,136
9312,Mineral water,136
9340,Mineral water,136
9371,Mineral water,136
9372,Mineral water,136
9383,Mineral water,136
9447,Mineral water,136
9448,Mineral water,136
9501,Mineral water,136
9529,Mineral water,136
9539,Mineral water,136
1910,Tiffin,146
2259,Tiffin,146
2311,Tiffin,146
2313,Tiffin,146
2359,Tiffin,146
2366,Tiffin,146
2367,Tiffin,146
4354,Tiffin,146
4368,Tiffin,146
4374,Tiffin,146
4377,Tiffin,146
4385,Tiffin,146
4398,Tiffin,146
4399,Tiffin,146
4512,Tiffin,146
4531,Tiffin,146
4566,Tiffin,146
4587,Tiffin,146
4628,Tiffin,146
4649,Tiffin,146
4650,Tiffin,146
4652,Tiffin,146
4668,Tiffin,146
4680,Tiffin,146
4687,Tiffin,146
4692,Tiffin,146
4707,Tiffin,146
4720,Tiffin,146
4731,Tiffin,146
4750,Tiffin,146
4910,Tiffin,146
4919,Tiffin,146
4943,Tiffin,146
4945,Tiffin,146
5006,Tiffin,146
5036,Tiffin,146
5043,Tiffin,146
5049,Tiffin,146
5052,Tiffin,146
5057,Tiffin,146
5062,Tiffin,146
5121,Tiffin,146
5160,Tiffin,146
6691,Tiffin,146
6701,Tiffin,146
6714,Tiffin,146
6716,Tiffin,146
6824,Tiffin,146
6830,Tiffin,146
6836,Tiffin,146
6849,Tiffin,146
6861,Tiffin,146
6862,Tiffin,146
6864,Tiffin,146
7045,Tiffin,146
7064,Tiffin,146
7071,Tiffin,146
7072,Tiffin,146
7075,Tiffin,146
7088,Tiffin,146
7105,Tiffin,146
7119,Tiffin,146
7124,Tiffin,146
7173,Tiffin,146
7199,Tiffin,146
7247,Tiffin,146
7267,Tiffin,146
7270,Tiffin,146
7310,Tiffin,146
7461,Tiffin,146
7478,Tiffin,146
7492,Tiffin,146
7494,Tiffin,146
7508,Tiffin,146
7525,Tiffin,146
7550,Tiffin,146
7573,Tiffin,146
7603,Tiffin,146
7630,Tiffin,146
7654,Tiffin,146
7660,Tiffin,146
7755,Tiffin,146
7764,Tiffin,146
7768,Tiffin,146
7807,Tiffin,146
7819,Tiffin,146
7824,Tiffin,146
7878,Tiffin,146
7887,Tiffin,146
7892,Tiffin,146
7899,Tiffin,146
7906,Tiffin,146
7913,Tiffin,146
7946,Tiffin,146
7952,Tiffin,146
8033,Tiffin,146
8284,Tiffin,146
8300,Tiffin,146
8318,Tiffin,146
8322,Tiffin,146
8353,Tiffin,146
8363,Tiffin,146
8371,Tiffin,146
8373,Tiffin,146
8389,Tiffin,146
8406,Tiffin,146
8414,Tiffin,146
8422,Tiffin,146
8432,Tiffin,146
8617,Tiffin,146
8626,Tiffin,146
8646,Tiffin,146
8661,Tiffin,146
8672,Tiffin,146
8691,Tiffin,146
8696,Tiffin,146
8719,Tiffin,146
8754,Tiffin,146
9025,Tiffin,146
9052,Tiffin,146
9073,Tiffin,146
9092,Tiffin,146
9099,Tiffin,146
9136,Tiffin,146
9139,Tiffin,146
9152,Tiffin,146
9174,Tiffin,146
9202,Tiffin,146
9204,Tiffin,146
9234,Tiffin,146
9256,Tiffin,146
9332,Tiffin,146
9418,Tiffin,146
9419,Tiffin,146
9425,Tiffin,146
9443,Tiffin,146
9447,Tiffin,146
9456,Tiffin,146
9465,Tiffin,146
9483,Tiffin,146
9486,Tiffin,146
9495,Tiffin,146
9502,Tiffin,146
9506,Tiffin,146
9535,Tiffin,146
9543,Tiffin,146
3,Jam,149
12,Jam,149
22,Jam,149
29,Jam,149
47,Jam,149
75,Jam,149
88,Jam,149
123,Jam,149
126,Jam,149
180,Jam,149
241,Jam,149
264,Jam,149
270,Jam,149
295,Jam,149
350,Jam,149
357,Jam,149
361,Jam,149
375,Jam,149
438,Jam,149
445,Jam,149
451,Jam,149
452,Jam,149
482,Jam,149
498,Jam,149
515,Jam,149
529,Jam,149
530,Jam,149
531,Jam,149
537,Jam,149
579,Jam,149
602,Jam,149
643,Jam,149
655,Jam,149
658,Jam,149
671,Jam,149
678,Jam,149
693,Jam,149
695,Jam,149
713,Jam,149
926,Jam,149
959,Jam,149
1041,Jam,149
1110,Jam,149
1172,Jam,149
1212,Jam,149
1256,Jam,149
1325,Jam,149
1411,Jam,149
1427,Jam,149
1495,Jam,149
1669,Jam,149
1754,Jam,149
1763,Jam,149
1916,Jam,149
2051,Jam,149
2096,Jam,149
2235,Jam,149
2307,Jam,149
2339,Jam,149
2369,Jam,149
2486,Jam,149
2519,Jam,149
2549,Jam,149
2564,Jam,149
2652,Jam,149
2773,Jam,149
2788,Jam,149
2829,Jam,149
2854,Jam,149
2903,Jam,149
2934,Jam,149
2971,Jam,149
2986,Jam,149
3031,Jam,149
3047,Jam,149
3060,Jam,149
3060,Jam,149
3070,Jam,149
3071,Jam,149
3109,Jam,149
3110,Jam,149
3110,Jam,149
3142,Jam,149
3227,Jam,149
3227,Jam,149
3256,Jam,149
3276,Jam,149
3277,Jam,149
3283,Jam,149
3283,Jam,149
3292,Jam,149
3293,Jam,149
3321,Jam,149
3326,Jam,149
3332,Jam,149
3343,Jam,149
3359,Jam,149
3449,Jam,149
3576,Jam,149
3686,Jam,149
3693,Jam,149
3693,Jam,149
3729,Jam,149
3754,Jam,149
3801,Jam,149
3801,Jam,149
3827,Jam,149
3974,Jam,149
5097,Jam,149
5376,Jam,149
5510,Jam,149
5515,Jam,149
5543,Jam,149
5612,Jam,149
5634,Jam,149
5642,Jam,149
5805,Jam,149
5909,Jam,149
6099,Jam,149
6267,Jam,149
6777,Jam,149
6801,Jam,149
6855,Jam,149
6951,Jam,149
6973,Jam,149
7076,Jam,149
7113,Jam,149
7160,Jam,149
7275,Jam,149
7410,Jam,149
7633,Jam,149
7750,Jam,149
7876,Jam,149
7933,Jam,149
8061,Jam,149
8180,Jam,149
8355,Jam,149
8377,Jam,149
8378,Jam,149
8483,Jam,149
8535,Jam,149
8593,Jam,149
8605,Jam,149
8709,Jam,149
8709,Jam,149
8828,Jam,149
8837,Jam,149
9395,Jam,149
9607,Jam,149
5302,Baguette,152
5304,Baguette,152
5359,Baguette,152
5364,Baguette,152
5375,Baguette,152
5436,Baguette,152
5469,Baguette,152
5472,Baguette,152
5475,Baguette,152
5498,Baguette,152
5567,Baguette,152
5579,Baguette,152
5580,Baguette,152
5587,Baguette,152
5616,Baguette,152
5643,Baguette,152
5675,Baguette,152
5692,Baguette,152
5697,Baguette,152
5706,Baguette,152
5740,Baguette,152
5743,Baguette,152
5761,Baguette,152
5784,Baguette,152
5822,Baguette,152
5839,Baguette,152
5885,Baguette,152
5893,Baguette,152
5924,Baguette,152
5930,Baguette,152
6045,Baguette,152
6073,Baguette,152
6095,Baguette,152
6118,Baguette,152
6156,Baguette,152
6187,Baguette,152
6200,Baguette,152
6220,Baguette,152
6269,Baguette,152
6285,Baguette,152
6351,Baguette,152
6360,Baguette,152
6370,Baguette,152
6394,Baguette,152
6401,Baguette,152
6443,Baguette,152
6449,Baguette,152
6454,Baguette,152
6484,Baguette,152
6512,Baguette,152
6584,Baguette,152
6585,Baguette,152
6599,Baguette,152
6604,Baguette,152
6617,Baguette,152
6621,Baguette,152
6636,Baguette,152
6663,Baguette,152
6666,Baguette,152
6681,Baguette,152
6696,Baguette,152
6715,Baguette,152
6724,Baguette,152
6735,Baguette,152
6746,Baguette,152
6749,Baguette,152
6873,Baguette,152
6886,Baguette,152
6956,Baguette,152
7007,Baguette,152
7049,Baguette,152
7050,Baguette,152
7082,Baguette,152
7149,Baguette,152
7174,Baguette,152
7234,Baguette,152
7321,Baguette,152
7322,Baguette,152
7337,Baguette,152
7348,Baguette,152
7374,Baguette,152
7379,Baguette,152
7380,Baguette,152
7424,Baguette,152
7534,Baguette,152
7537,Baguette,152
7551,Baguette,152
7557,Baguette,152
7565,Baguette,152
7728,Baguette,152
7741,Baguette,152
7788,Baguette,152
7804,Baguette,152
7814,Baguette,152
7818,Baguette,152
7862,Baguette,152
7917,Baguette,152
7932,Baguette,152
8017,Baguette,152
8034,Baguette,152
8080,Baguette,152
8081,Baguette,152
8089,Baguette,152
8110,Baguette,152
8116,Baguette,152
8165,Baguette,152
8187,Baguette,152
8200,Baguette,152
8209,Baguette,152
8231,Baguette,152
8259,Baguette,152
8269,Baguette,152
8276,Baguette,152
8330,Baguette,152
8383,Baguette,152
8441,Baguette,152
8465,Baguette,152
8480,Baguette,152
8517,Baguette,152
8545,Baguette,152
8555,Baguette,152
8567,Baguette,152
8641,Baguette,152
8648,Baguette,152
8668,Baguette,152
8675,Baguette,152
8686,Baguette,152
8711,Baguette,152
8723,Baguette,152
8732,Baguette,152
8737,Baguette,152
8847,Baguette,152
8855,Baguette,152
8864,Baguette,152
8873,Baguette,152
8944,Baguette,152
8957,Baguette,152
9049,Baguette,152
9053,Baguette,152
9129,Baguette,152
9137,Baguette,152
9187,Baguette,152
9190,Baguette,152
9385,Baguette,152
9428,Baguette,152
9430,Baguette,152
9533,Baguette,152
9563,Baguette,152
9567,Baguette,152
9581,Baguette,152
9586,Baguette,152
9652,Baguette,152
26,Fudge,159
43,Fudge,159
70,Fudge,159
78,Fudge,159
79,Fudge,159
148,Fudge,159
236,Fudge,159
305,Fudge,159
326,Fudge,159
335,Fudge,159
371,Fudge,159
372,Fudge,159
401,Fudge,159
417,Fudge,159
484,Fudge,159
484,Fudge,159
521,Fudge,159
523,Fudge,159
524,Fudge,159
525,Fudge,159
546,Fudge,159
560,Fudge,159
570,Fudge,159
579,Fudge,159
581,Fudge,159
630,Fudge,159
641,Fudge,159
685,Fudge,159
723,Fudge,159
786,Fudge,159
786,Fudge,159
821,Fudge,159
832,Fudge,159
920,Fudge,159
926,Fudge,159
978,Fudge,159
1055,Fudge,159
1080,Fudge,159
1087,Fudge,159
1100,Fudge,159
1160,Fudge,159
1267,Fudge,159
1274,Fudge,159
1307,Fudge,159
1307,Fudge,159
1400,Fudge,159
1461,Fudge,159
1519,Fudge,159
1625,Fudge,159
1625,Fudge,159
1682,Fudge,159
1777,Fudge,159
1832,Fudge,159
1872,Fudge,159
1972,Fudge,159
2113,Fudge,159
2178,Fudge,159
2212,Fudge,159
2307,Fudge,159
2339,Fudge,159
2364,Fudge,159
2389,Fudge,159
2404,Fudge,159
2447,Fudge,159
2451,Fudge,159
2511,Fudge,159
2519,Fudge,159
2549,Fudge,159
2551,Fudge,159
2599,Fudge,159
2599,Fudge,159
2788,Fudge,159
2848,Fudge,159
2854,Fudge,159
2865,Fudge,159
2865,Fudge,159
2985,Fudge,159
3059,Fudge,159
3070,Fudge,159
3070,Fudge,159
3070,Fudge,159
3110,Fudge,159
3121,Fudge,159
3201,Fudge,159
3207,Fudge,159
3217,Fudge,159
3256,Fudge,159
3256,Fudge,159
3275,Fudge,159
3279,Fudge,159
3316,Fudge,159
3321,Fudge,159
3332,Fudge,159
3359,Fudge,159
3361,Fudge,159
3402,Fudge,159
3427,Fudge,159
3428,Fudge,159
3449,Fudge,159
3449,Fudge,159
3449,Fudge,159
3460,Fudge,159
3465,Fudge,159
3499,Fudge,159
3576,Fudge,159
3589,Fudge,159
3610,Fudge,159
3691,Fudge,159
3691,Fudge,159
3693,Fudge,159
3693,Fudge,159
3702,Fudge,159
3718,Fudge,159
3729,Fudge,159
3729,Fudge,159
3730,Fudge,159
3801,Fudge,159
3827,Fudge,159
3831,Fudge,159
3907,Fudge,159
3943,Fudge,159
4211,Fudge,159
4341,Fudge,159
4490,Fudge,159
4706,Fudge,159
4893,Fudge,159
5082,Fudge,159
5101,Fudge,159
5179,Fudge,159
5277,Fudge,159
5612,Fudge,159
5642,Fudge,159
5811,Fudge,159
5937,Fudge,159
6011,Fudge,159
6049,Fudge,159
6071,Fudge,159
6072,Fudge,159
6129,Fudge,159
6129,Fudge,159
6130,Fudge,159
6284,Fudge,159
6377,Fudge,159
6540,Fudge,159
6650,Fudge,159
6742,Fudge,159
6897,Fudge,159
6897,Fudge,159
7008,Fudge,159
7210,Fudge,159
7212,Fudge,159
7275,Fudge,159
7466,Fudge,159
7469,Fudge,159
7469,Fudge,159
7761,Fudge,159
7933,Fudge,159
8383,Fudge,159
9254,Fudge,159
4896,Spanish Brunch,172
5041,Spanish Brunch,172
5069,Spanish Brunch,172
5080,Spanish Brunch,172
5095,Spanish Brunch,172
5169,Spanish Brunch,172
5210,Spanish Brunch,172
5255,Spanish Brunch,172
5271,Spanish Brunch,172
5274,Spanish Brunch,172
5362,Spanish Brunch,172
5370,Spanish Brunch,172
5380,Spanish Brunch,172
5399,Spanish Brunch,172
5430,Spanish Brunch,172
5527,Spanish Brunch,172
5586,Spanish Brunch,172
5591,Spanish Brunch,172
5596,Spanish Brunch,172
5618,Spanish Brunch,172
5673,Spanish Brunch,172
5693,Spanish Brunch,172
5749,Spanish Brunch,172
5807,Spanish Brunch,172
5811,Spanish Brunch,172
5950,Spanish Brunch,172
5954,Spanish Brunch,172
5969,Spanish Brunch,172
6038,Spanish Brunch,172
6051,Spanish Brunch,172
6080,Spanish Brunch,172
6126,Spanish Brunch,172
6134,Spanish Brunch,172
6189,Spanish Brunch,172
6191,Spanish Brunch,172
6213,Spanish Brunch,172
6334,Spanish Brunch,172
6338,Spanish Brunch,172
6353,Spanish Brunch,172
6388,Spanish Brunch,172
6412,Spanish Brunch,172
6422,Spanish Brunch,172
6456,Spanish Brunch,172
6462,Spanish Brunch,172
6574,Spanish Brunch,172
6641,Spanish Brunch,172
6677,Spanish Brunch,172
6678,Spanish Brunch,172
6769,Spanish Brunch,172
6778,Spanish Brunch,172
6789,Spanish Brunch,172
6797,Spanish Brunch,172
6803,Spanish Brunch,172
6811,Spanish Brunch,172
6820,Spanish Brunch,172
6838,Spanish Brunch,172
6848,Spanish Brunch,172
6851,Spanish Brunch,172
6855,Spanish Brunch,172
6858,Spanish Brunch,172
6865,Spanish Brunch,172
6873,Spanish Brunch,172
6916,Spanish Brunch,172
6924,Spanish Brunch,172
7001,Spanish Brunch,172
7062,Spanish Brunch,172
7068,Spanish Brunch,172
7126,Spanish Brunch,172
7253,Spanish Brunch,172
7254,Spanish Brunch,172
7256,Spanish Brunch,172
7259,Spanish Brunch,172
7272,Spanish Brunch,172
7273,Spanish Brunch,172
7293,Spanish Brunch,172
7356,Spanish Brunch,172
7495,Spanish Brunch,172
7547,Spanish Brunch,172
7560,Spanish Brunch,172
7580,Spanish Brunch,172
7589,Spanish Brunch,172
7591,Spanish Brunch,172
7612,Spanish Brunch,172
7615,Spanish Brunch,172
7748,Spanish Brunch,172
7750,Spanish Brunch,172
7757,Spanish Brunch,172
7760,Spanish Brunch,172
7765,Spanish Brunch,172
7846,Spanish Brunch,172
7847,Spanish Brunch,172
7859,Spanish Brunch,172
7902,Spanish Brunch,172
7905,Spanish Brunch,172
7908,Spanish Brunch,172
7933,Spanish Brunch,172
7934,Spanish Brunch,172
7942,Spanish Brunch,172
7967,Spanish Brunch,172
7968,Spanish Brunch,172
8001,Spanish Brunch,172
8004,Spanish Brunch,172
8005,Spanish Brunch,172
8025,Spanish Brunch,172
8030,Spanish Brunch,172
8031,Spanish Brunch,172
8035,Spanish Brunch,172
8048,Spanish Brunch,172
8054,Spanish Brunch,172
8064,Spanish Brunch,172
8094,Spanish Brunch,172
8369,Spanish Brunch,172
8382,Spanish Brunch,172
8407,Spanish Brunch,172
8420,Spanish Brunch,172
8422,Spanish Brunch,172
8429,Spanish Brunch,172
8430,Spanish Brunch,172
8437,Spanish Brunch,172
8441,Spanish Brunch,172
8448,Spanish Brunch,172
8468,Spanish Brunch,172
8489,Spanish Brunch,172
8528,Spanish Brunch,172
8584,Spanish Brunch,172
8594,Spanish Brunch,172
8635,Spanish Brunch,172
8643,Spanish Brunch,172
8644,Spanish Brunch,172
8677,Spanish Brunch,172
8698,Spanish Brunch,172
8707,Spanish Brunch,172
8711,Spanish Brunch,172
8725,Spanish Brunch,172
8748,Spanish Brunch,172
8760,Spanish Brunch,172
8761,Spanish Brunch,172
8781,Spanish Brunch,172
8785,Spanish Brunch,172
8791,Spanish Brunch,172
8792,Spanish Brunch,172
8795,Spanish Brunch,172
8814,Spanish Brunch,172
8839,Spanish Brunch,172
8840,Spanish Brunch,172
8848,Spanish Brunch,172
8859,Spanish Brunch,172
8861,Spanish Brunch,172
8993,Spanish Brunch,172
9010,Spanish Brunch,172
9020,Spanish Brunch,172
9026,Spanish Brunch,172
9086,Spanish Brunch,172
9110,Spanish Brunch,172
9138,Spanish Brunch,172
9197,Spanish Brunch,172
9204,Spanish Brunch,172
9226,Spanish Brunch,172
9259,Spanish Brunch,172
9274,Spanish Brunch,172
9310,Spanish Brunch,172
9378,Spanish Brunch,172
9437,Spanish Brunch,172
9574,Spanish Brunch,172
9576,Spanish Brunch,172
9590,Spanish Brunch,172
9599,Spanish Brunch,172
9658,Spanish Brunch,172
9665,Spanish Brunch,172
9673,Spanish Brunch,172
9679,Spanish Brunch,172
9681,Spanish Brunch,172
93,Coke,185
151,Coke,185
154,Coke,185
225,Coke,185
263,Coke,185
298,Coke,185
626,Coke,185
628,Coke,185
777,Coke,185
781,Coke,185
788,Coke,185
829,Coke,185
912,Coke,185
1007,Coke,185
1087,Coke,185
1149,Coke,185
1260,Coke,185
1349,Coke,185
1401,Coke,185
1402,Coke,185
1413,Coke,185
1607,Coke,185
1611,Coke,185
1623,Coke,185
1861,Coke,185
1927,Coke,185
1994,Coke,185
2118,Coke,185
2272,Coke,185
2310,Coke,185
2392,Coke,185
2459,Coke,185
2460,Coke,185
2523,Coke,185
2669,Coke,185
2686,Coke,185
2778,Coke,185
2778,Coke,185
2831,Coke,185
2960,Coke,185
2980,Coke,185
3078,Coke,185
3149,Coke,185
3152,Coke,185
3195,Coke,185
3378,Coke,185
3382,Coke,185
3386,Coke,185
3426,Coke,185
3486,Coke,185
3510,Coke,185
3598,Coke,185
3623,Coke,185
3626,Coke,185
3674,Coke,185
3747,Coke,185
3796,Coke,185
3802,Coke,185
3816,Coke,185
3832,Coke,185
3909,Coke,185
3960,Coke,185
4012,Coke,185
4088,Coke,185
4156,Coke,185
4250,Coke,185
4319,Coke,185
4430,Coke,185
4482,Coke,185
4583,Coke,185
4584,Coke,185
4802,Coke,185
4808,Coke,185
4873,Coke,185
4883,Coke,185
4885,Coke,185
4912,Coke,185
5048,Coke,185
5208,Coke,185
5256,Coke,185
5264,Coke,185
5311,Coke,185
5324,Coke,185
5545,Coke,185
5648,Coke,185
5699,Coke,185
5705,Coke,185
5709,Coke,185
5746,Coke,185
5747,Coke,185
5775,Coke,185
5796,Coke,185
5820,Coke,185
5844,Coke,185
6002,Coke,185
6003,Coke,185
6005,Coke,185
6010,Coke,185
6059,Coke,185
6274,Coke,185
6276,Coke,185
6330,Coke,185
6519,Coke,185
6522,Coke,185
6567,Coke,185
6572,Coke,185
6690,Coke,185
6716,Coke,185
6723,Coke,185
6811,Coke,185
6829,Coke,185
6878,Coke,185
6924,Coke,185
7014,Coke,185
7141,Coke,185
7171,Coke,185
7194,Coke,185
7202,Coke,185
7294,Coke,185
7324,Coke,185
7346,Coke,185
7401,Coke,185
7498,Coke,185
7519,Coke,185
7542,Coke,185
7554,Coke,185
7566,Coke,185
7588,Coke,185
7590,Coke,185
7647,Coke,185
7721,Coke,185
7849,Coke,185
7851,Coke,185
7895,Coke,185
7905,Coke,185
7927,Coke,185
7975,Coke,185
8035,Coke,185
8182,Coke,185
8192,Coke,185
8248,Coke,185
8316,Coke,185
8403,Coke,185
8448,Coke,185
8562,Coke,185
8586,Coke,185
8601,Coke,185
8641,Coke,185
8783,Coke,185
8793,Coke,185
8798,Coke,185
8814,Coke,185
8868,Coke,185
8871,Coke,185
8881,Coke,185
8911,Coke,185
8913,Coke,185
8922,Coke,185
8924,Coke,185
8959,Coke,185
8962,Coke,185
9005,Coke,185
9067,Coke,185
9114,Coke,185
9142,Coke,185
9157,Coke,185
9166,Coke,185
9210,Coke,185
9212,Coke,185
9261,Coke,185
9312,Coke,185
9349,Coke,185
9419,Coke,185
9425,Coke,185
9432,Coke,185
9447,Coke,185
9485,Coke,185
9492,Coke,185
9498,Coke,185
9529,Coke,185
9534,Coke,185
9547,Coke,185
9598,Coke,185
9622,Coke,185
9677,Coke,185
965,Truffles,193
996,Truffles,193
1001,Truffles,193
1046,Truffles,193
1083,Truffles,193
1135,Truffles,193
1144,Truffles,193
1147,Truffles,193
1152,Truffles,193
1178,Truffles,193
1185,Truffles,193
1191,Truffles,193
1284,Truffles,193
1287,Truffles,193
1289,Truffles,193
1293,Truffles,193
1307,Truffles,193
1309,Truffles,193
1315,Truffles,193
1353,Truffles,193
1373,Truffles,193
1404,Truffles,193
1406,Truffles,193
1782,Truffles,193
1783,Truffles,193
1789,Truffles,193
1791,Truffles,193
1797,Truffles,193
1831,Truffles,193
2474,Truffles,193
2526,Truffles,193
2598,Truffles,193
2612,Truffles,193
2626,Truffles,193
2772,Truffles,193
2794,Truffles,193
2809,Truffles,193
2927,Truffles,193
2941,Truffles,193
2982,Truffles,193
3053,Truffles,193
3107,Truffles,193
3107,Truffles,193
3149,Truffles,193
3255,Truffles,193
3261,Truffles,193
3266,Truffles,193
3469,Truffles,193
3489,Truffles,193
3502,Truffles,193
3614,Truffles,193
3662,Truffles,193
3734,Truffles,193
3884,Truffles,193
3905,Truffles,193
3967,Truffles,193
4189,Truffles,193
4210,Truffles,193
4211,Truffles,193
4224,Truffles,193
4314,Truffles,193
4330,Truffles,193
4344,Truffles,193
4347,Truffles,193
4361,Truffles,193
4392,Truffles,193
4399,Truffles,193
4616,Truffles,193
4640,Truffles,193
4670,Truffles,193
4760,Truffles,193
4764,Truffles,193
4811,Truffles,193
4837,Truffles,193
4841,Truffles,193
4846,Truffles,193
4912,Truffles,193
4987,Truffles,193
5080,Truffles,193
5176,Truffles,193
5264,Truffles,193
5274,Truffles,193
5425,Truffles,193
5426,Truffles,193
5430,Truffles,193
5604,Truffles,193
5774,Truffles,193
5852,Truffles,193
5856,Truffles,193
5858,Truffles,193
5871,Truffles,193
5907,Truffles,193
5920,Truffles,193
5948,Truffles,193
5968,Truffles,193
5989,Truffles,193
5994,Truffles,193
6006,Truffles,193
6125,Truffles,193
6126,Truffles,193
6131,Truffles,193
6134,Truffles,193
6192,Truffles,193
6318,Truffles,193
6322,Truffles,193
6334,Truffles,193
6400,Truffles,193
6511,Truffles,193
6521,Truffles,193
6523,Truffles,193
6530,Truffles,193
6609,Truffles,193
6656,Truffles,193
6723,Truffles,193
6725,Truffles,193
6811,Truffles,193
6931,Truffles,193
6977,Truffles,193
7012,Truffles,193
7129,Truffles,193
7276,Truffles,193
7306,Truffles,193
7322,Truffles,193
7383,Truffles,193
7393,Truffles,193
7401,Truffles,193
7512,Truffles,193
7566,Truffles,193
7589,Truffles,193
7602,Truffles,193
7653,Truffles,193
7707,Truffles,193
7768,Truffles,193
7795,Truffles,193
7807,Truffles,193
7831,Truffles,193
7846,Truffles,193
7847,Truffles,193
7876,Truffles,193
7898,Truffles,193
7908,Truffles,193
7910,Truffles,193
7934,Truffles,193
8022,Truffles,193
8091,Truffles,193
8134,Truffles,193
8186,Truffles,193
8195,Truffles,193
8242,Truffles,193
8349,Truffles,193
8422,Truffles,193
8479,Truffles,193
8538,Truffles,193
8539,Truffles,193
8602,Truffles,193
8641,Truffles,193
8656,Truffles,193
8706,Truffles,193
8708,Truffles,193
8719,Truffles,193
8720,Truffles,193
8782,Truffles,193
8792,Truffles,193
8818,Truffles,193
8824,Truffles,193
8860,Truffles,193
8956,Truffles,193
9026,Truffles,193
9060,Truffles,193
9063,Truffles,193
9070,Truffles,193
9183,Truffles,193
9187,Truffles,193
9210,Truffles,193
9213,Truffles,193
9226,Truffles,193
9260,Truffles,193
9269,Truffles,193
9295,Truffles,193
9302,Truffles,193
9312,Truffles,193
9403,Truffles,193
9413,Truffles,193
9438,Truffles,193
9489,Truffles,193
9534,Truffles,193
9536,Truffles,193
9580,Truffles,193
9585,Truffles,193
9602,Truffles,193
9605,Truffles,193
9622,Truffles,193
9681,Truffles,193
2,Scandinavian,277
2,Scandinavian,277
10,Scandinavian,277
15,Scandinavian,277
23,Scandinavian,277
25,Scandinavian,277
27,Scandinavian,277
32,Scandinavian,277
35,Scandinavian,277
39,Scandinavian,277
41,Scandinavian,277
43,Scandinavian,277
52,Scandinavian,277
57,Scandinavian,277
68,Scandinavian,277
77,Scandinavian,277
195,Scandinavian,277
204,Scandinavian,277
206,Scandinavian,277
210,Scandinavian,277
221,Scandinavian,277
222,Scandinavian,277
235,Scandinavian,277
240,Scandinavian,277
253,Scandinavian,277
296,Scandinavian,277
297,Scandinavian,277
300,Scandinavian,277
487,Scandinavian,277
500,Scandinavian,277
501,Scandinavian,277
518,Scandinavian,277
524,Scandinavian,277
532,Scandinavian,277
534,Scandinavian,277
543,Scandinavian,277
548,Scandinavian,277
549,Scandinavian,277
576,Scandinavian,277
585,Scandinavian,277
586,Scandinavian,277
599,Scandinavian,277
606,Scandinavian,277
611,Scandinavian,277
613,Scandinavian,277
627,Scandinavian,277
741,Scandinavian,277
763,Scandinavian,277
774,Scandinavian,277
779,Scandinavian,277
782,Scandinavian,277
785,Scandinavian,277
802,Scandinavian,277
805,Scandinavian,277
807,Scandinavian,277
813,Scandinavian,277
844,Scandinavian,277
857,Scandinavian,277
859,Scandinavian,277
875,Scandinavian,277
937,Scandinavian,277
983,Scandinavian,277
1000,Scandinavian,277
1014,Scandinavian,277
1053,Scandinavian,277
1059,Scandinavian,277
1073,Scandinavian,277
1078,Scandinavian,277
1085,Scandinavian,277
1091,Scandinavian,277
1097,Scandinavian,277
1101,Scandinavian,277
1122,Scandinavian,277
1130,Scandinavian,277
1134,Scandinavian,277
1138,Scandinavian,277
1143,Scandinavian,277
1146,Scandinavian,277
1148,Scandinavian,277
1158,Scandinavian,277
1219,Scandinavian,277
1321,Scandinavian,277
1368,Scandinavian,277
1369,Scandinavian,277
1372,Scandinavian,277
1373,Scandinavian,277
1396,Scandinavian,277
1418,Scandinavian,277
1428,Scandinavian,277
1437,Scandinavian,277
1467,Scandinavian,277
1473,Scandinavian,277
1486,Scandinavian,277
1491,Scandinavian,277
1527,Scandinavian,277
1534,Scandinavian,277
1547,Scandinavian,277
1608,Scandinavian,277
1609,Scandinavian,277
1661,Scandinavian,277
1700,Scandinavian,277
1703,Scandinavian,277
1723,Scandinavian,277
1733,Scandinavian,277
1740,Scandinavian,277
1788,Scandinavian,277
1827,Scandinavian,277
1851,Scandinavian,277
1852,Scandinavian,277
1868,Scandinavian,277
2079,Scandinavian,277
2086,Scandinavian,277
2088,Scandinavian,277
2100,Scandinavian,277
2101,Scandinavian,277
2119,Scandinavian,277
2121,Scandinavian,277
2127,Scandinavian,277
2134,Scandinavian,277
2284,Scandinavian,277
2289,Scandinavian,277
2390,Scandinavian,277
2447,Scandinavian,277
2486,Scandinavian,277
2487,Scandinavian,277
2496,Scandinavian,277
2499,Scandinavian,277
2869,Scandinavian,277
2878,Scandinavian,277
2897,Scandinavian,277
2908,Scandinavian,277
2918,Scandinavian,277
2923,Scandinavian,277
2940,Scandinavian,277
2963,Scandinavian,277
3011,Scandinavian,277
3018,Scandinavian,277
3021,Scandinavian,277
3068,Scandinavian,277
3084,Scandinavian,277
3107,Scandinavian,277
3253,Scandinavian,277
3323,Scandinavian,277
3329,Scandinavian,277
3468,Scandinavian,277
3567,Scandinavian,277
3616,Scandinavian,277
3636,Scandinavian,277
3712,Scandinavian,277
3810,Scandinavian,277
3833,Scandinavian,277
3846,Scandinavian,277
3959,Scandinavian,277
4063,Scandinavian,277
4066,Scandinavian,277
4243,Scandinavian,277
4293,Scandinavian,277
4304,Scandinavian,277
4306,Scandinavian,277
4323,Scandinavian,277
4331,Scandinavian,277
4336,Scandinavian,277
4338,Scandinavian,277
4373,Scandinavian,277
4464,Scandinavian,277
4533,Scandinavian,277
4536,Scandinavian,277
4537,Scandinavian,277
4594,Scandinavian,277
4596,Scandinavian,277
4603,Scandinavian,277
4647,Scandinavian,277
4673,Scandinavian,277
4718,Scandinavian,277
4779,Scandinavian,277
4841,Scandinavian,277
4864,Scandinavian,277
4920,Scandinavian,277
4949,Scandinavian,277
4984,Scandinavian,277
5010,Scandinavian,277
5030,Scandinavian,277
5063,Scandinavian,277
5070,Scandinavian,277
5071,Scandinavian,277
5093,Scandinavian,277
5232,Scandinavian,277
5239,Scandinavian,277
5240,Scandinavian,277
5241,Scandinavian,277
5269,Scandinavian,277
5296,Scandinavian,277
5401,Scandinavian,277
5480,Scandinavian,277
5517,Scandinavian,277
5541,Scandinavian,277
5543,Scandinavian,277
5634,Scandinavian,277
5663,Scandinavian,277
5805,Scandinavian,277
5842,Scandinavian,277
5853,Scandinavian,277
5885,Scandinavian,277
5897,Scandinavian,277
5927,Scandinavian,277
5938,Scandinavian,277
5951,Scandinavian,277
5982,Scandinavian,277
6062,Scandinavian,277
6068,Scandinavian,277
6158,Scandinavian,277
6251,Scandinavian,277
6273,Scandinavian,277
6320,Scandinavian,277
6331,Scandinavian,277
6332,Scandinavian,277
6376,Scandinavian,277
6431,Scandinavian,277
6432,Scandinavian,277
6433,Scandinavian,277
6497,Scandinavian,277
6681,Scandinavian,277
6708,Scandinavian,277
6715,Scandinavian,277
6756,Scandinavian,277
6756,Scandinavian,277
6764,Scandinavian,277
6783,Scandinavian,277
6806,Scandinavian,277
6813,Scandinavian,277
6822,Scandinavian,277
7025,Scandinavian,277
7145,Scandinavian,277
7149,Scandinavian,277
7164,Scandinavian,277
7333,Scandinavian,277
7348,Scandinavian,277
7467,Scandinavian,277
7526,Scandinavian,277
7534,Scandinavian,277
7561,Scandinavian,277
7596,Scandinavian,277
7600,Scandinavian,277
7608,Scandinavian,277
7609,Scandinavian,277
7832,Scandinavian,277
7925,Scandinavian,277
7926,Scandinavian,277
7935,Scandinavian,277
8232,Scandinavian,277
8283,Scandinavian,277
8338,Scandinavian,277
8387,Scandinavian,277
8509,Scandinavian,277
8564,Scandinavian,277
8679,Scandinavian,277
8680,Scandinavian,277
8734,Scandinavian,277
8737,Scandinavian,277
8740,Scandinavian,277
8753,Scandinavian,277
8762,Scandinavian,277
8768,Scandinavian,277
8771,Scandinavian,277
9220,Scandinavian,277
9254,Scandinavian,277
9305,Scandinavian,277
9434,Scandinavian,277
9472,Scandinavian,277
9567,Scandinavian,277
9586,Scandinavian,277
9615,Scandinavian,277
9619,Scandinavian,277
9621,Scandinavian,277
9626,Scandinavian,277
9635,Scandinavian,277
9642,Scandinavian,277
2445,Toast,318
2569,Toast,318
2580,Toast,318
2581,Toast,318
2584,Toast,318
2587,Toast,318
2630,Toast,318
2639,Toast,318
2642,Toast,318
2706,Toast,318
2746,Toast,318
2748,Toast,318
2749,Toast,318
2751,Toast,318
2797,Toast,318
2805,Toast,318
2832,Toast,318
2833,Toast,318
2836,Toast,318
2893,Toast,318
2908,Toast,318
2985,Toast,318
2987,Toast,318
3009,Toast,318
3026,Toast,318
3029,Toast,318
3031,Toast,318
3054,Toast,318
3077,Toast,318
3084,Toast,318
3114,Toast,318
3147,Toast,318
3154,Toast,318
3157,Toast,318
3167,Toast,318
3228,Toast,318
3229,Toast,318
3244,Toast,318
3246,Toast,318
3260,Toast,318
3267,Toast,318
3393,Toast,318
3451,Toast,318
3466,Toast,318
3516,Toast,318
3529,Toast,318
3535,Toast,318
3608,Toast,318
3655,Toast,318
3763,Toast,318
3773,Toast,318
3795,Toast,318
3807,Toast,318
3860,Toast,318
3877,Toast,318
3882,Toast,318
3930,Toast,318
3934,Toast,318
3937,Toast,318
3938,Toast,318
3939,Toast,318
3976,Toast,318
3994,Toast,318
4009,Toast,318
4068,Toast,318
4095,Toast,318
4100,Toast,318
4102,Toast,318
4108,Toast,318
4144,Toast,318
4180,Toast,318
4182,Toast,318
4202,Toast,318
4225,Toast,318
4230,Toast,318
4231,Toast,318
4233,Toast,318
4234,Toast,318
4236,Toast,318
4240,Toast,318
4291,Toast,318
4361,Toast,318
4415,Toast,318
4436,Toast,318
4464,Toast,318
4500,Toast,318
4512,Toast,318
4553,Toast,318
4568,Toast,318
4572,Toast,318
4578,Toast,318
4581,Toast,318
4586,Toast,318
4597,Toast,318
4600,Toast,318
4614,Toast,318
4617,Toast,318
4627,Toast,318
4645,Toast,318
4652,Toast,318
4653,Toast,318
4654,Toast,318
4655,Toast,318
4698,Toast,318
4699,Toast,318
4749,Toast,318
4762,Toast,318
4795,Toast,318
4818,Toast,318
4834,Toast,318
4844,Toast,318
4894,Toast,318
4900,Toast,318
4951,Toast,318
4952,Toast,318
4954,Toast,318
4962,Toast,318
5043,Toast,318
5061,Toast,318
5082,Toast,318
5123,Toast,318
5125,Toast,318
5134,Toast,318
5137,Toast,318
5167,Toast,318
5174,Toast,318
5184,Toast,318
5189,Toast,318
5191,Toast,318
5223,Toast,318
5291,Toast,318
5353,Toast,318
5391,Toast,318
5408,Toast,318
5452,Toast,318
5467,Toast,318
5481,Toast,318
5527,Toast,318
5598,Toast,318
5614,Toast,318
5655,Toast,318
5666,Toast,318
5679,Toast,318
5710,Toast,318
5723,Toast,318
5732,Toast,318
5777,Toast,318
5828,Toast,318
5829,Toast,318
5830,Toast,318
5832,Toast,318
5846,Toast,318
5862,Toast,318
5866,Toast,318
5894,Toast,318
5907,Toast,318
5954,Toast,318
6110,Toast,318
6113,Toast,318
6147,Toast,318
6156,Toast,318
6248,Toast,318
6254,Toast,318
6257,Toast,318
6279,Toast,318
6308,Toast,318
6326,Toast,318
6367,Toast,318
6369,Toast,318
6372,Toast,318
6378,Toast,318
6389,Toast,318
6439,Toast,318
6449,Toast,318
6458,Toast,318
6474,Toast,318
6486,Toast,318
6538,Toast,318
6548,Toast,318
6552,Toast,318
6574,Toast,318
6593,Toast,318
6610,Toast,318
6645,Toast,318
6660,Toast,318
6699,Toast,318
6778,Toast,318
6785,Toast,318
6789,Toast,318
6805,Toast,318
6830,Toast,318
6836,Toast,318
6850,Toast,318
6854,Toast,318
6859,Toast,318
6924,Toast,318
6942,Toast,318
6974,Toast,318
6975,Toast,318
6980,Toast,318
6999,Toast,318
7005,Toast,318
7043,Toast,318
7048,Toast,318
7077,Toast,318
7085,Toast,318
7094,Toast,318
7095,Toast,318
7097,Toast,318
7115,Toast,318
7141,Toast,318
7156,Toast,318
7223,Toast,318
7250,Toast,318
7297,Toast,318
7320,Toast,318
7370,Toast,318
7382,Toast,318
7384,Toast,318
7409,Toast,318
7419,Toast,318
7456,Toast,318
7554,Toast,318
7557,Toast,318
7581,Toast,318
7582,Toast,318
7617,Toast,318
7631,Toast,318
7684,Toast,318
7686,Toast,318
7687,Toast,318
7714,Toast,318
7719,Toast,318
7738,Toast,318
7760,Toast,318
7781,Toast,318
7809,Toast,318
7813,Toast,318
7815,Toast,318
7860,Toast,318
7869,Toast,318
7896,Toast,318
7916,Toast,318
7939,Toast,318
7968,Toast,318
7972,Toast,318
8026,Toast,318
8117,Toast,318
8124,Toast,318
8172,Toast,318
8190,Toast,318
8213,Toast,318
8216,Toast,318
8221,Toast,318
8227,Toast,318
8235,Toast,318
8271,Toast,318
8290,Toast,318
8291,Toast,318
8331,Toast,318
8346,Toast,318
8348,Toast,318
8350,Toast,318
8441,Toast,318
8462,Toast,318
8467,Toast,318
8490,Toast,318
8511,Toast,318
8516,Toast,318
8571,Toast,318
8581,Toast,318
8583,Toast,318
8621,Toast,318
8702,Toast,318
8710,Toast,318
8724,Toast,318
8848,Toast,318
8860,Toast,318
8894,Toast,318
8895,Toast,318
8899,Toast,318
8938,Toast,318
8962,Toast,318
8963,Toast,318
8976,Toast,318
8979,Toast,318
9000,Toast,318
9006,Toast,318
9036,Toast,318
9046,Toast,318
9068,Toast,318
9071,Toast,318
9076,Toast,318
9091,Toast,318
9094,Toast,318
9120,Toast,318
9166,Toast,318
9185,Toast,318
9289,Toast,318
9304,Toast,318
9305,Toast,318
9330,Toast,318
9342,Toast,318
9401,Toast,318
9405,Toast,318
9406,Toast,318
9454,Toast,318
9459,Toast,318
9466,Toast,318
9493,Toast,318
9496,Toast,318
9506,Toast,318
9523,Toast,318
9524,Toast,318
9525,Toast,318
9627,Toast,318
9656,Toast,318
9678,Toast,318
2452,Scone,327
2462,Scone,327
2471,Scone,327
2476,Scone,327
2477,Scone,327
2478,Scone,327
2492,Scone,327
2500,Scone,327
2508,Scone,327
2513,Scone,327
2515,Scone,327
2517,Scone,327
2533,Scone,327
2537,Scone,327
2540,Scone,327
2541,Scone,327
2547,Scone,327
2550,Scone,327
2555,Scone,327
2556,Scone,327
2566,Scone,327
2571,Scone,327
2582,Scone,327
2624,Scone,327
2866,Scone,327
2876,Scone,327
2877,Scone,327
2887,Scone,327
2889,Scone,327
2895,Scone,327
2914,Scone,327
2917,Scone,327
2935,Scone,327
2942,Scone,327
2946,Scone,327
2957,Scone,327
2969,Scone,327
2979,Scone,327
2994,Scone,327
3272,Scone,327
3297,Scone,327
3300,Scone,327
3301,Scone,327
3318,Scone,327
3320,Scone,327
3331,Scone,327
3337,Scone,327
3348,Scone,327
3355,Scone,327
3371,Scone,327
3372,Scone,327
3397,Scone,327
3399,Scone,327
3490,Scone,327
3709,Scone,327
3726,Scone,327
3733,Scone,327
3740,Scone,327
3744,Scone,327
3752,Scone,327
3758,Scone,327
3760,Scone,327
3782,Scone,327
3783,Scone,327
3788,Scone,327
3808,Scone,327
3812,Scone,327
3836,Scone,327
3843,Scone,327
4266,Scone,327
4288,Scone,327
4291,Scone,327
4310,Scone,327
4324,Scone,327
4333,Scone,327
4334,Scone,327
4346,Scone,327
4354,Scone,327
4355,Scone,327
4356,Scone,327
4420,Scone,327
4426,Scone,327
4435,Scone,327
4440,Scone,327
4441,Scone,327
4461,Scone,327
4462,Scone,327
4475,Scone,327
4484,Scone,327
4516,Scone,327
4548,Scone,327
4624,Scone,327
4630,Scone,327
4636,Scone,327
4638,Scone,327
4639,Scone,327
4656,Scone,327
4667,Scone,327
4674,Scone,327
4676,Scone,327
4697,Scone,327
4707,Scone,327
4736,Scone,327
4760,Scone,327
4765,Scone,327
4771,Scone,327
4791,Scone,327
4967,Scone,327
4975,Scone,327
4979,Scone,327
4983,Scone,327
5012,Scone,327
5035,Scone,327
5038,Scone,327
5050,Scone,327
5057,Scone,327
5061,Scone,327
5062,Scone,327
5072,Scone,327
5098,Scone,327
5103,Scone,327
5116,Scone,327
5117,Scone,327
5130,Scone,327
5136,Scone,327
5151,Scone,327
5152,Scone,327
5417,Scone,327
5444,Scone,327
5448,Scone,327
5449,Scone,327
5452,Scone,327
5463,Scone,327
5464,Scone,327
5492,Scone,327
5507,Scone,327
5508,Scone,327
5511,Scone,327
5514,Scone,327
5515,Scone,327
5516,Scone,327
5546,Scone,327
5553,Scone,327
5597,Scone,327
5604,Scone,327
5621,Scone,327
5852,Scone,327
5857,Scone,327
5887,Scone,327
5935,Scone,327
5939,Scone,327
5955,Scone,327
5964,Scone,327
5965,Scone,327
5967,Scone,327
6030,Scone,327
6038,Scone,327
6041,Scone,327
6042,Scone,327
6061,Scone,327
6115,Scone,327
6125,Scone,327
6146,Scone,327
6317,Scone,327
6336,Scone,327
6359,Scone,327
6361,Scone,327
6368,Scone,327
6395,Scone,327
6444,Scone,327
6448,Scone,327
6453,Scone,327
6454,Scone,327
6505,Scone,327
6507,Scone,327
6558,Scone,327
6685,Scone,327
6694,Scone,327
6705,Scone,327
6706,Scone,327
6712,Scone,327
6719,Scone,327
6731,Scone,327
6734,Scone,327
6742,Scone,327
6751,Scone,327
6792,Scone,327
6810,Scone,327
6813,Scone,327
6823,Scone,327
6853,Scone,327
6861,Scone,327
6870,Scone,327
6871,Scone,327
6894,Scone,327
6905,Scone,327
6912,Scone,327
6916,Scone,327
6925,Scone,327
6951,Scone,327
6952,Scone,327
6961,Scone,327
6981,Scone,327
7007,Scone,327
7014,Scone,327
7022,Scone,327
7026,Scone,327
7056,Scone,327
7057,Scone,327
7084,Scone,327
7117,Scone,327
7120,Scone,327
7155,Scone,327
7157,Scone,327
7198,Scone,327
7200,Scone,327
7214,Scone,327
7224,Scone,327
7229,Scone,327
7230,Scone,327
7237,Scone,327
7261,Scone,327
7262,Scone,327
7274,Scone,327
7501,Scone,327
7506,Scone,327
7510,Scone,327
7512,Scone,327
7516,Scone,327
7522,Scone,327
7524,Scone,327
7529,Scone,327
7530,Scone,327
7534,Scone,327
7549,Scone,327
7554,Scone,327
7567,Scone,327
7572,Scone,327
7574,Scone,327
7577,Scone,327
7583,Scone,327
7584,Scone,327
7587,Scone,327
7593,Scone,327
7598,Scone,327
7599,Scone,327
7602,Scone,327
7605,Scone,327
7606,Scone,327
7616,Scone,327
7631,Scone,327
7650,Scone,327
7656,Scone,327
7803,Scone,327
7805,Scone,327
7848,Scone,327
7853,Scone,327
7893,Scone,327
7903,Scone,327
7908,Scone,327
7924,Scone,327
7930,Scone,327
7935,Scone,327
7951,Scone,327
7956,Scone,327
7971,Scone,327
7972,Scone,327
7978,Scone,327
7979,Scone,327
7984,Scone,327
7994,Scone,327
7997,Scone,327
8001,Scone,327
8015,Scone,327
8032,Scone,327
8046,Scone,327
8081,Scone,327
8199,Scone,327
8205,Scone,327
8247,Scone,327
8258,Scone,327
8314,Scone,327
8319,Scone,327
8338,Scone,327
8353,Scone,327
8356,Scone,327
8358,Scone,327
8363,Scone,327
8368,Scone,327
8388,Scone,327
8390,Scone,327
8391,Scone,327
8396,Scone,327
8407,Scone,327
8418,Scone,327
8427,Scone,327
8431,Scone,327
8452,Scone,327
8453,Scone,327
8874,Scone,327
8901,Scone,327
8909,Scone,327
8914,Scone,327
8981,Scone,327
9018,Scone,327
9143,Scone,327
9144,Scone,327
9145,Scone,327
9147,Scone,327
9157,Scone,327
9166,Scone,327
9170,Scone,327
9176,Scone,327
9217,Scone,327
9231,Scone,327
9263,Scone,327
9270,Scone,327
9288,Scone,327
9310,Scone,327
9312,Scone,327
9319,Scone,327
9329,Scone,327
9545,Scone,327
9546,Scone,327
9584,Scone,327
9588,Scone,327
9611,Scone,327
58,Soup,342
124,Soup,342
133,Soup,342
136,Soup,342
138,Soup,342
144,Soup,342
151,Soup,342
171,Soup,342
191,Soup,342
211,Soup,342
225,Soup,342
227,Soup,342
233,Soup,342
243,Soup,342
248,Soup,342
301,Soup,342
302,Soup,342
303,Soup,342
306,Soup,342
312,Soup,342
313,Soup,342
318,Soup,342
328,Soup,342
376,Soup,342
377,Soup,342
394,Soup,342
400,Soup,342
487,Soup,342
498,Soup,342
509,Soup,342
510,Soup,342
602,Soup,342
616,Soup,342
620,Soup,342
635,Soup,342
640,Soup,342
712,Soup,342
787,Soup,342
793,Soup,342
849,Soup,342
853,Soup,342
860,Soup,342
866,Soup,342
873,Soup,342
876,Soup,342
912,Soup,342
923,Soup,342
927,Soup,342
932,Soup,342
933,Soup,342
976,Soup,342
977,Soup,342
980,Soup,342
982,Soup,342
1063,Soup,342
1064,Soup,342
1071,Soup,342
1087,Soup,342
1094,Soup,342
1145,Soup,342
1150,Soup,342
1156,Soup,342
1164,Soup,342
1322,Soup,342
1325,Soup,342
1327,Soup,342
1334,Soup,342
1368,Soup,342
1371,Soup,342
1374,Soup,342
1379,Soup,342
1381,Soup,342
1383,Soup,342
1386,Soup,342
1389,Soup,342
1394,Soup,342
1395,Soup,342
1436,Soup,342
1438,Soup,342
1440,Soup,342
1442,Soup,342
1445,Soup,342
1446,Soup,342
1448,Soup,342
1449,Soup,342
1450,Soup,342
1456,Soup,342
1466,Soup,342
1508,Soup,342
1511,Soup,342
1523,Soup,342
1530,Soup,342
1537,Soup,342
1583,Soup,342
1584,Soup,342
1586,Soup,342
1591,Soup,342
1592,Soup,342
1594,Soup,342
1595,Soup,342
1598,Soup,342
1600,Soup,342
1606,Soup,342
1686,Soup,342
1690,Soup,342
1706,Soup,342
4852,Soup,342
4874,Soup,342
4879,Soup,342
4933,Soup,342
4934,Soup,342
5154,Soup,342
5156,Soup,342
5161,Soup,342
5167,Soup,342
5170,Soup,342
5196,Soup,342
5197,Soup,342
5205,Soup,342
5209,Soup,342
5219,Soup,342
5254,Soup,342
5260,Soup,342
5263,Soup,342
5305,Soup,342
5319,Soup,342
5320,Soup,342
5367,Soup,342
5371,Soup,342
5372,Soup,342
5421,Soup,342
5425,Soup,342
5426,Soup,342
5428,Soup,342
5429,Soup,342
5435,Soup,342
5437,Soup,342
5438,Soup,342
5448,Soup,342
5454,Soup,342
5535,Soup,342
5577,Soup,342
5608,Soup,342
5641,Soup,342
5644,Soup,342
5645,Soup,342
5648,Soup,342
5649,Soup,342
5701,Soup,342
5707,Soup,342
5759,Soup,342
5800,Soup,342
5800,Soup,342
5802,Soup,342
5855,Soup,342
5856,Soup,342
5857,Soup,342
5859,Soup,342
5861,Soup,342
5877,Soup,342
5878,Soup,342
5960,Soup,342
5985,Soup,342
5986,Soup,342
5986,Soup,342
6123,Soup,342
6135,Soup,342
6135,Soup,342
6181,Soup,342
6188,Soup,342
6226,Soup,342
6226,Soup,342
6227,Soup,342
6228,Soup,342
6231,Soup,342
6266,Soup,342
6267,Soup,342
6274,Soup,342
6282,Soup,342
6290,Soup,342
6290,Soup,342
6290,Soup,342
6315,Soup,342
6316,Soup,342
6318,Soup,342
6336,Soup,342
6337,Soup,342
6347,Soup,342
6400,Soup,342
6404,Soup,342
6408,Soup,342
6422,Soup,342
6434,Soup,342
6469,Soup,342
6516,Soup,342
6518,Soup,342
6521,Soup,342
6525,Soup,342
6533,Soup,342
6581,Soup,342
6605,Soup,342
6611,Soup,342
6614,Soup,342
6614,Soup,342
6643,Soup,342
6653,Soup,342
6656,Soup,342
6656,Soup,342
6707,Soup,342
6716,Soup,342
6810,Soup,342
6818,Soup,342
6818,Soup,342
6977,Soup,342
7023,Soup,342
7055,Soup,342
7063,Soup,342
7063,Soup,342
7106,Soup,342
7109,Soup,342
7109,Soup,342
7122,Soup,342
7122,Soup,342
7186,Soup,342
7188,Soup,342
7198,Soup,342
7198,Soup,342
7218,Soup,342
7253,Soup,342
7254,Soup,342
7254,Soup,342
7259,Soup,342
7271,Soup,342
7295,Soup,342
7296,Soup,342
7305,Soup,342
7341,Soup,342
7346,Soup,342
7390,Soup,342
7393,Soup,342
7397,Soup,342
7496,Soup,342
7497,Soup,342
7555,Soup,342
7561,Soup,342
7567,Soup,342
7569,Soup,342
7572,Soup,342
7579,Soup,342
7586,Soup,342
7602,Soup,342
7635,Soup,342
7656,Soup,342
7692,Soup,342
7703,Soup,342
7709,Soup,342
7749,Soup,342
7751,Soup,342
7753,Soup,342
7757,Soup,342
7760,Soup,342
7768,Soup,342
7794,Soup,342
7796,Soup,342
7796,Soup,342
7798,Soup,342
7834,Soup,342
7836,Soup,342
7839,Soup,342
7894,Soup,342
7898,Soup,342
7901,Soup,342
7943,Soup,342
7970,Soup,342
8038,Soup,342
8051,Soup,342
8091,Soup,342
8092,Soup,342
8093,Soup,342
8104,Soup,342
8148,Soup,342
8240,Soup,342
8241,Soup,342
8246,Soup,342
8307,Soup,342
8366,Soup,342
8368,Soup,342
8402,Soup,342
8438,Soup,342
8448,Soup,342
8525,Soup,342
8531,Soup,342
8540,Soup,342
8582,Soup,342
8587,Soup,342
8593,Soup,342
8603,Soup,342
8631,Soup,342
8633,Soup,342
8638,Soup,342
8643,Soup,342
8702,Soup,342
8706,Soup,342
8782,Soup,342
8784,Soup,342
8785,Soup,342
8868,Soup,342
8929,Soup,342
8960,Soup,342
8967,Soup,342
8968,Soup,342
8971,Soup,342
8973,Soup,342
8974,Soup,342
9011,Soup,342
9015,Soup,342
9017,Soup,342
9031,Soup,342
9070,Soup,342
9140,Soup,342
9142,Soup,342
9157,Soup,342
9211,Soup,342
9212,Soup,342
9216,Soup,342
9227,Soup,342
9266,Soup,342
9313,Soup,342
9323,Soup,342
9331,Soup,342
9377,Soup,342
9377,Soup,342
9381,Soup,342
9437,Soup,342
9477,Soup,342
9481,Soup,342
9485,Soup,342
9494,Soup,342
9527,Soup,342
9529,Soup,342
9530,Soup,342
9630,Soup,342
40,Juice,369
47,Juice,369
60,Juice,369
86,Juice,369
96,Juice,369
97,Juice,369
123,Juice,369
132,Juice,369
163,Juice,369
223,Alfajores,369
230,Alfajores,369
242,Juice,369
242,Alfajores,369
247,Alfajores,369
247,Juice,369
267,Alfajores,369
286,Juice,369
286,Alfajores,369
288,Alfajores,369
300,Alfajores,369
301,Juice,369
303,Juice,369
306,Juice,369
312,Juice,369
329,Juice,369
330,Alfajores,369
332,Alfajores,369
333,Juice,369
333,Alfajores,369
334,Alfajores,369
336,Juice,369
337,Alfajores,369
339,Alfajores,369
371,Alfajores,369
402,Alfajores,369
404,Alfajores,369
405,Alfajores,369
410,Alfajores,369
412,Alfajores,369
419,Alfajores,369
419,Juice,369
420,Alfajores,369
421,Alfajores,369
421,Juice,369
430,Juice,369
481,Juice,369
482,Alfajores,369
488,Juice,369
494,Alfajores,369
506,Alfajores,369
507,Juice,369
507,Alfajores,369
518,Alfajores,369
519,Alfajores,369
698,Juice,369
699,Juice,369
714,Alfajores,369
715,Alfajores,369
719,Alfajores,369
727,Alfajores,369
727,Alfajores,369
728,Alfajores,369
728,Alfajores,369
729,Alfajores,369
730,Alfajores,369
732,Alfajores,369
733,Alfajores,369
736,Alfajores,369
736,Alfajores,369
737,Alfajores,369
743,Alfajores,369
747,Alfajores,369
751,Alfajores,369
795,Alfajores,369
825,Alfajores,369
830,Alfajores,369
839,Juice,369
842,Alfajores,369
843,Alfajores,369
853,Alfajores,369
867,Alfajores,369
867,Alfajores,369
875,Alfajores,369
912,Juice,369
949,Juice,369
956,Alfajores,369
960,Juice,369
982,Juice,369
983,Alfajores,369
986,Alfajores,369
989,Alfajores,369
999,Alfajores,369
1007,Alfajores,369
1007,Alfajores,369
1052,Alfajores,369
1065,Alfajores,369
1065,Alfajores,369
1088,Juice,369
1088,Alfajores,369
1089,Alfajores,369
1090,Juice,369
1094,Alfajores,369
1094,Alfajores,369
1130,Alfajores,369
1138,Alfajores,369
1140,Alfajores,369
1150,Alfajores,369
1151,Juice,369
1157,Alfajores,369
1158,Alfajores,369
1174,Alfajores,369
1176,Alfajores,369
1178,Alfajores,369
1181,Alfajores,369
1183,Alfajores,369
1185,Alfajores,369
1190,Alfajores,369
1196,Juice,369
1230,Alfajores,369
1248,Juice,369
1255,Alfajores,369
1270,Juice,369
1315,Alfajores,369
1338,Juice,369
1442,Juice,369
1496,Alfajores,369
1501,Alfajores,369
1512,Alfajores,369
1514,Alfajores,369
1514,Alfajores,369
1528,Alfajores,369
1541,Alfajores,369
1544,Alfajores,369
1545,Alfajores,369
1574,Alfajores,369
1606,Alfajores,369
1608,Alfajores,369
1608,Alfajores,369
1620,Alfajores,369
1627,Alfajores,369
1692,Alfajores,369
1721,Alfajores,369
1725,Alfajores,369
1733,Juice,369
1737,Alfajores,369
1737,Alfajores,369
1752,Alfajores,369
1760,Alfajores,369
1772,Juice,369
1772,Alfajores,369
1775,Alfajores,369
1775,Juice,369
1779,Alfajores,369
1789,Alfajores,369
1835,Juice,369
1838,Alfajores,369
1841,Alfajores,369
1844,Juice,369
1876,Alfajores,369
1904,Juice,369
1926,Alfajores,369
1947,Alfajores,369
1955,Alfajores,369
1985,Alfajores,369
1990,Alfajores,369
2025,Juice,369
2025,Alfajores,369
2026,Alfajores,369
2048,Juice,369
2059,Alfajores,369
2059,Alfajores,369
2065,Alfajores,369
2066,Alfajores,369
2107,Juice,369
2112,Juice,369
2125,Alfajores,369
2130,Alfajores,369
2147,Alfajores,369
2149,Alfajores,369
2152,Alfajores,369
2156,Alfajores,369
2156,Alfajores,369
2157,Alfajores,369
2160,Juice,369
2162,Juice,369
2162,Juice,369
2165,Juice,369
2172,Alfajores,369
2190,Alfajores,369
2196,Alfajores,369
2211,Alfajores,369
2308,Juice,369
2312,Alfajores,369
2352,Alfajores,369
2355,Alfajores,369
2356,Alfajores,369
2391,Alfajores,369
2392,Juice,369
2469,Alfajores,369
2515,Alfajores,369
2518,Juice,369
2552,Juice,369
2554,Juice,369
2559,Alfajores,369
2570,Alfajores,369
2572,Juice,369
2594,Alfajores,369
2595,Alfajores,369
2603,Alfajores,369
2638,Alfajores,369
2641,Juice,369
2660,Juice,369
2661,Alfajores,369
2671,Alfajores,369
2672,Alfajores,369
2681,Alfajores,369
2681,Alfajores,369
2690,Alfajores,369
2705,Alfajores,369
2734,Alfajores,369
2735,Alfajores,369
2741,Juice,369
2742,Juice,369
2746,Juice,369
2756,Alfajores,369
2759,Juice,369
2787,Alfajores,369
2805,Juice,369
2826,Alfajores,369
2831,Juice,369
2849,Alfajores,369
2851,Alfajores,369
2868,Juice,369
2877,Alfajores,369
2877,Alfajores,369
2888,Alfajores,369
2889,Juice,369
2927,Juice,369
2932,Juice,369
2942,Juice,369
2953,Juice,369
2985,Alfajores,369
